user_agent,device,browser
"Mozilla/5.0 (Windows NT 10.0; Win64; x64) AppleWebKit/537.36 (KHTML, like Gecko) Chrome/83.0.4103.116 Safari/537.36",Desktop,chrome
"Mozilla/5.0 (Windows NT 10.0; Win64; x64) AppleWebKit/537.36 (KHTML, like Gecko) Chrome/80.0.3987.149 Safari/537.36",Desktop,chrome
"Mozilla/5.0 (Windows NT 10.0; Win64; x64) AppleWebKit/537.36 (KHTML, like Gecko) Chrome/81.0.4044.138 Safari/537.36",Desktop,chrome
"Mozilla/5.0 (Windows NT 10.0; Win64; x64) AppleWebKit/537.36 (KHTML, like Gecko) Chrome/80.0.3987.163 Safari/537.36",Desktop,chrome
"Mozilla/5.0 (Windows NT 10.0; Win64; x64) AppleWebKit/537.36 (KHTML, like Gecko) Chrome/83.0.4103.61 Safari/537.36",Desktop,chrome
"Mozilla/5.0 (Windows NT 10.0; Win64; x64) AppleWebKit/537.36 (KHTML, like Gecko) Chrome/79.0.3945.130 Safari/537.36",Desktop,chrome
"Mozilla/5.0 (Windows NT 10.0; Win64; x64) AppleWebKit/537.36 (KHTML, like Gecko) Chrome/87.0.4280.88 Safari/537.36",Desktop,chrome
"Mozilla/5.0 (Windows NT 10.0; Win64; x64) AppleWebKit/537.36 (KHTML, like Gecko) Chrome/85.0.4183.102 Safari/537.36",Desktop,chrome
"Mozilla/5.0 (Windows NT 10.0; Win64; x64) AppleWebKit/537.36 (KHTML, like Gecko) Chrome/85.0.4183.121 Safari/537.36",Desktop,chrome
"Mozilla/5.0 (Windows NT 10.0; Win64; x64) AppleWebKit/537.36 (KHTML, like Gecko) Chrome/83.0.4103.97 Safari/537.36",Desktop,chrome
"Mozilla/5.0 (Windows NT 10.0; Win64; x64) AppleWebKit/537.36 (KHTML, like Gecko) Chrome/81.0.4044.129 Safari/537.36",Desktop,chrome
"Mozilla/5.0 (Windows NT 10.0; Win64; x64) AppleWebKit/537.36 (KHTML, like Gecko) Chrome/84.0.4147.135 Safari/537.36",Desktop,chrome
"Mozilla/5.0 (Windows NT 10.0; Win64; x64) AppleWebKit/537.36 (KHTML, like Gecko) Chrome/80.0.3987.132 Safari/537.36",Desktop,chrome
"Mozilla/5.0 (Windows NT 10.0; Win64; x64) AppleWebKit/537.36 (KHTML, like Gecko) Chrome/87.0.4280.141 Safari/537.36",Desktop,chrome
"Mozilla/5.0 (Windows NT 10.0; Win64; x64) AppleWebKit/537.36 (KHTML, like Gecko) Chrome/86.0.4240.111 Safari/537.36",Desktop,chrome
"Mozilla/5.0 (Windows NT 10.0; Win64; x64) AppleWebKit/537.36 (KHTML, like Gecko) Chrome/89.0.4389.90 Safari/537.36",Desktop,chrome
"Mozilla/5.0 (Windows NT 10.0; Win64; x64) AppleWebKit/537.36 (KHTML, like Gecko) Chrome/84.0.4147.89 Safari/537.36",Desktop,chrome
"Mozilla/5.0 (Windows NT 10.0; Win64; x64) AppleWebKit/537.36 (KHTML, like Gecko) Chrome/85.0.4183.83 Safari/537.36",Desktop,chrome
"Mozilla/5.0 (Windows NT 10.0; Win64; x64) AppleWebKit/537.36 (KHTML, like Gecko) Chrome/84.0.4147.105 Safari/537.36",Desktop,chrome
"Mozilla/5.0 (Windows NT 10.0; Win64; x64) AppleWebKit/537.36 (KHTML, like Gecko) Chrome/86.0.4240.75 Safari/537.36",Desktop,chrome
"Mozilla/5.0 (Windows NT 10.0; Win64; x64) AppleWebKit/537.36 (KHTML, like Gecko) Chrome/88.0.4324.190 Safari/537.36",Desktop,chrome
"Mozilla/5.0 (Windows NT 6.1; Win64; x64) AppleWebKit/537.36 (KHTML, like Gecko) Chrome/80.0.3987.149 Safari/537.36",Desktop,chrome
"Mozilla/5.0 (Windows NT 10.0; Win64; x64) AppleWebKit/537.36 (KHTML, like Gecko) Chrome/86.0.4240.198 Safari/537.36",Desktop,chrome
"Mozilla/5.0 (Windows NT 6.1; Win64; x64) AppleWebKit/537.36 (KHTML, like Gecko) Chrome/83.0.4103.116 Safari/537.36",Desktop,chrome
"Mozilla/5.0 (Windows NT 10.0; Win64; x64) AppleWebKit/537.36 (KHTML, like Gecko) Chrome/84.0.4147.125 Safari/537.36",Desktop,chrome
"Mozilla/5.0 (Windows NT 6.1; Win64; x64) AppleWebKit/537.36 (KHTML, like Gecko) Chrome/81.0.4044.138 Safari/537.36",Desktop,chrome
"Mozilla/5.0 (Windows NT 10.0; Win64; x64) AppleWebKit/537.36 (KHTML, like Gecko) Chrome/88.0.4324.150 Safari/537.36",Desktop,chrome
"Mozilla/5.0 (Windows NT 10.0; Win64; x64) AppleWebKit/537.36 (KHTML, like Gecko) Chrome/80.0.3987.122 Safari/537.36",Desktop,chrome
"Mozilla/5.0 (Windows NT 10.0; Win64; x64) AppleWebKit/537.36 (KHTML, like Gecko) Chrome/81.0.4044.122 Safari/537.36",Desktop,chrome
"Mozilla/5.0 (Windows NT 6.1; Win64; x64) AppleWebKit/537.36 (KHTML, like Gecko) Chrome/79.0.3945.130 Safari/537.36",Desktop,chrome
"Mozilla/5.0 (Windows NT 6.1; Win64; x64) AppleWebKit/537.36 (KHTML, like Gecko) Chrome/80.0.3987.163 Safari/537.36",Desktop,chrome
"Mozilla/5.0 (Windows NT 6.1; Win64; x64) AppleWebKit/537.36 (KHTML, like Gecko) Chrome/83.0.4103.61 Safari/537.36",Desktop,chrome
"Mozilla/5.0 (Windows NT 10.0; Win64; x64) AppleWebKit/537.36 (KHTML, like Gecko) Chrome/86.0.4240.183 Safari/537.36",Desktop,chrome
"Mozilla/5.0 (Windows NT 6.1; ) AppleWebKit/537.36 (KHTML, like Gecko) Chrome/81.0.4044.138 Safari/537.36",Desktop,chrome
"Mozilla/5.0 (Windows NT 10.0; Win64; x64) AppleWebKit/537.36 (KHTML, like Gecko) Chrome/87.0.4280.66 Safari/537.36",Desktop,chrome
"Mozilla/5.0 (Windows NT 10.0; Win64; x64) AppleWebKit/537.36 (KHTML, like Gecko) Chrome/88.0.4324.182 Safari/537.36",Desktop,chrome
"Mozilla/5.0 (Windows NT 10.0; Win64; x64) AppleWebKit/537.36 (KHTML, like Gecko) Chrome/88.0.4324.104 Safari/537.36",Desktop,chrome
"Mozilla/5.0 (Windows NT 10.0; Win64; x64) AppleWebKit/537.36 (KHTML, like Gecko) Chrome/81.0.4044.113 Safari/537.36",Desktop,chrome
"Mozilla/5.0 (Windows NT 10.0; Win64; x64) AppleWebKit/537.36 (KHTML, like Gecko) Chrome/89.0.4389.82 Safari/537.36",Desktop,chrome
"Mozilla/5.0 (Windows NT 6.1; ) AppleWebKit/537.36 (KHTML, like Gecko) Chrome/83.0.4103.116 Safari/537.36",Desktop,chrome
"Mozilla/5.0 (Windows NT 6.1) AppleWebKit/537.36 (KHTML, like Gecko) Chrome/80.0.3987.149 Safari/537.36",Desktop,chrome
"Mozilla/5.0 (Windows NT 6.1) AppleWebKit/537.36 (KHTML, like Gecko) Chrome/79.0.3945.130 Safari/537.36",Desktop,chrome
"Mozilla/5.0 (Windows NT 10.0; Win64; x64) AppleWebKit/537.36 (KHTML, like Gecko) Chrome/80.0.3987.116 Safari/537.36",Desktop,chrome
"Mozilla/5.0 (Windows NT 10.0; Win64; x64) AppleWebKit/537.36 (KHTML, like Gecko) Chrome/89.0.4389.114 Safari/537.36",Desktop,chrome
"Mozilla/5.0 (Windows NT 6.1; Win64; x64) AppleWebKit/537.36 (KHTML, like Gecko) Chrome/80.0.3987.132 Safari/537.36",Desktop,chrome
"Mozilla/5.0 (Windows NT 6.1; ) AppleWebKit/537.36 (KHTML, like Gecko) Chrome/83.0.4103.61 Safari/537.36",Desktop,chrome
"Mozilla/5.0 (Windows NT 6.1; Win64; x64) AppleWebKit/537.36 (KHTML, like Gecko) Chrome/83.0.4103.97 Safari/537.36",Desktop,chrome
"Mozilla/5.0 (Windows NT 10.0; Win64; x64) AppleWebKit/537.36 (KHTML, like Gecko) Chrome/83.0.4103.106 Safari/537.36",Desktop,chrome
"Mozilla/5.0 (Windows NT 6.1) AppleWebKit/537.36 (KHTML, like Gecko) Chrome/80.0.3987.163 Safari/537.36",Desktop,chrome
"Mozilla/5.0 (Windows NT 6.1; Win64; x64) AppleWebKit/537.36 (KHTML, like Gecko) Chrome/81.0.4044.129 Safari/537.36",Desktop,chrome
"Mozilla/5.0 (Windows NT 6.1; Win64; x64) AppleWebKit/537.36 (KHTML, like Gecko) Chrome/85.0.4183.102 Safari/537.36",Desktop,chrome
"Mozilla/5.0 (Windows NT 10.0; Win64; x64) AppleWebKit/537.36 (KHTML, like Gecko) Chrome/88.0.4324.146 Safari/537.36",Desktop,chrome
"Mozilla/5.0 (Windows NT 10.0; Win64; x64) AppleWebKit/537.36 (KHTML, like Gecko) Chrome/80.0.3987.106 Safari/537.36",Desktop,chrome
"Mozilla/5.0 (Windows NT 6.3; Win64; x64) AppleWebKit/537.36 (KHTML, like Gecko) Chrome/80.0.3987.149 Safari/537.36",Desktop,chrome
"Mozilla/5.0 (Windows NT 6.3; Win64; x64) AppleWebKit/537.36 (KHTML, like Gecko) Chrome/81.0.4044.138 Safari/537.36",Desktop,chrome
"Mozilla/5.0 (Windows NT 6.1; Win64; x64) AppleWebKit/537.36 (KHTML, like Gecko) Chrome/84.0.4147.135 Safari/537.36",Desktop,chrome
"Mozilla/5.0 (Windows NT 6.1; Win64; x64) AppleWebKit/537.36 (KHTML, like Gecko) Chrome/80.0.3987.122 Safari/537.36",Desktop,chrome
"Mozilla/5.0 (Windows NT 6.3; Win64; x64) AppleWebKit/537.36 (KHTML, like Gecko) Chrome/83.0.4103.116 Safari/537.36",Desktop,chrome
"Mozilla/5.0 (Windows NT 6.1; Win64; x64) AppleWebKit/537.36 (KHTML, like Gecko) Chrome/84.0.4147.89 Safari/537.36",Desktop,chrome
"Mozilla/5.0 (Windows NT 6.1) AppleWebKit/537.36 (KHTML, like Gecko) Chrome/80.0.3987.132 Safari/537.36",Desktop,chrome
"Mozilla/5.0 (Windows NT 6.1; Win64; x64) AppleWebKit/537.36 (KHTML, like Gecko) Chrome/85.0.4183.121 Safari/537.36",Desktop,chrome
"Mozilla/5.0 (Windows NT 10.0; Win64; x64) AppleWebKit/537.36 (KHTML, like Gecko) Chrome/80.0.3987.87 Safari/537.36",Desktop,chrome
"Mozilla/5.0 (Windows NT 6.3; Win64; x64) AppleWebKit/537.36 (KHTML, like Gecko) Chrome/80.0.3987.163 Safari/537.36",Desktop,chrome
"Mozilla/5.0 (Windows NT 10.0; Win64; x64) AppleWebKit/537.36 (KHTML, like Gecko) Chrome/81.0.4044.92 Safari/537.36",Desktop,chrome
"Mozilla/5.0 (Windows NT 6.1; Win64; x64) AppleWebKit/537.36 (KHTML, like Gecko) Chrome/84.0.4147.105 Safari/537.36",Desktop,chrome
"Mozilla/5.0 (Windows NT 6.1; Win64; x64) AppleWebKit/537.36 (KHTML, like Gecko) Chrome/85.0.4183.83 Safari/537.36",Desktop,chrome
"Mozilla/5.0 (Windows NT 6.1; Win64; x64) AppleWebKit/537.36 (KHTML, like Gecko) Chrome/86.0.4240.111 Safari/537.36",Desktop,chrome
"Mozilla/5.0 (Windows NT 6.1; Win64; x64) AppleWebKit/537.36 (KHTML, like Gecko) Chrome/84.0.4147.125 Safari/537.36",Desktop,chrome
"Mozilla/5.0 (Windows NT 6.1; ) AppleWebKit/537.36 (KHTML, like Gecko) Chrome/83.0.4103.97 Safari/537.36",Desktop,chrome
"Mozilla/5.0 (Windows NT 5.1) AppleWebKit/537.36 (KHTML, like Gecko) Chrome/49.0.2623.112 Safari/537.36",Desktop,chrome
"Mozilla/5.0 (Windows NT 6.3; Win64; x64) AppleWebKit/537.36 (KHTML, like Gecko) Chrome/83.0.4103.61 Safari/537.36",Desktop,chrome
"Mozilla/5.0 (Windows NT 10.0; Win64; x64) AppleWebKit/537.36 (KHTML, like Gecko) Chrome/86.0.4240.193 Safari/537.36",Desktop,chrome
"Mozilla/5.0 (Windows NT 6.1) AppleWebKit/537.36 (KHTML, like Gecko) Chrome/85.0.4183.102 Safari/537.36",Desktop,chrome
"Mozilla/5.0 (Windows NT 6.1; ) AppleWebKit/537.36 (KHTML, like Gecko) Chrome/81.0.4044.129 Safari/537.36",Desktop,chrome
"Mozilla/5.0 (Windows NT 6.1; Win64; x64) AppleWebKit/537.36 (KHTML, like Gecko) Chrome/81.0.4044.122 Safari/537.36",Desktop,chrome
"Mozilla/5.0 (Windows NT 6.1) AppleWebKit/537.36 (KHTML, like Gecko) Chrome/80.0.3987.122 Safari/537.36",Desktop,chrome
"Mozilla/5.0 (Windows NT 6.3; Win64; x64) AppleWebKit/537.36 (KHTML, like Gecko) Chrome/79.0.3945.130 Safari/537.36",Desktop,chrome
"Mozilla/5.0 (Windows NT 6.1; Win64; x64) AppleWebKit/537.36 (KHTML, like Gecko) Chrome/86.0.4240.75 Safari/537.36",Desktop,chrome
"Mozilla/5.0 (Windows NT 10.0; Win64; x64) AppleWebKit/537.36 (KHTML, like Gecko) Chrome/80.0.3987.162 Safari/537.36",Desktop,chrome
"Mozilla/5.0 (Windows NT 6.1; Win64; x64) AppleWebKit/537.36 (KHTML, like Gecko) Chrome/87.0.4280.88 Safari/537.36",Desktop,chrome
"Mozilla/5.0 (Windows NT 6.1) AppleWebKit/537.36 (KHTML, like Gecko) Chrome/84.0.4147.135 Safari/537.36",Desktop,chrome
"Mozilla/5.0 (Windows NT 6.1) AppleWebKit/537.36 (KHTML, like Gecko) Chrome/85.0.4183.121 Safari/537.36",Desktop,chrome
"Mozilla/5.0 (Windows NT 6.1; Win64; x64) AppleWebKit/537.36 (KHTML, like Gecko) Chrome/80.0.3987.116 Safari/537.36",Desktop,chrome
"Mozilla/5.0 (Windows NT 10.0; Win64; x64) AppleWebKit/537.36 (KHTML, like Gecko) Chrome/80.0.3987.100 Safari/537.36",Desktop,chrome
"Mozilla/5.0 (Windows NT 6.1) AppleWebKit/537.36 (KHTML, like Gecko) Chrome/84.0.4147.89 Safari/537.36",Desktop,chrome
"Mozilla/5.0 (Windows NT 6.1) AppleWebKit/537.36 (KHTML, like Gecko) Chrome/85.0.4183.83 Safari/537.36",Desktop,chrome
"Mozilla/5.0 (Windows NT 6.1) AppleWebKit/537.36 (KHTML, like Gecko) Chrome/84.0.4147.125 Safari/537.36",Desktop,chrome
"Mozilla/5.0 (Windows NT 6.1; Win64; x64) AppleWebKit/537.36 (KHTML, like Gecko) Chrome/86.0.4240.198 Safari/537.36",Desktop,chrome
"Mozilla/5.0 (Windows NT 6.1) AppleWebKit/537.36 (KHTML, like Gecko) Chrome/84.0.4147.105 Safari/537.36",Desktop,chrome
"Mozilla/5.0 (Windows NT 6.1) AppleWebKit/537.36 (KHTML, like Gecko) Chrome/86.0.4240.111 Safari/537.36",Desktop,chrome
"Mozilla/5.0 (Windows NT 6.1) AppleWebKit/537.36 (KHTML, like Gecko) Chrome/87.0.4280.88 Safari/537.36",Desktop,chrome
"Mozilla/5.0 (Windows NT 6.1; Win64; x64) AppleWebKit/537.36 (KHTML, like Gecko) Chrome/89.0.4389.90 Safari/537.36",Desktop,chrome
"Mozilla/5.0 (Windows NT 6.3; Win64; x64) AppleWebKit/537.36 (KHTML, like Gecko) Chrome/85.0.4183.102 Safari/537.36",Desktop,chrome
"Mozilla/5.0 (Windows NT 6.1; Win64; x64) AppleWebKit/537.36 (KHTML, like Gecko) Chrome/81.0.4044.113 Safari/537.36",Desktop,chrome
"Mozilla/5.0 (Windows NT 6.3; Win64; x64) AppleWebKit/537.36 (KHTML, like Gecko) Chrome/80.0.3987.132 Safari/537.36",Desktop,chrome
"Mozilla/5.0 (Windows NT 6.3; Win64; x64) AppleWebKit/537.36 (KHTML, like Gecko) Chrome/83.0.4103.97 Safari/537.36",Desktop,chrome
"Mozilla/5.0 (Windows NT 6.1; Win64; x64) AppleWebKit/537.36 (KHTML, like Gecko) Chrome/87.0.4280.141 Safari/537.36",Desktop,chrome
"Mozilla/5.0 (Windows NT 6.1; Win64; x64) AppleWebKit/537.36 (KHTML, like Gecko) Chrome/88.0.4324.190 Safari/537.36",Desktop,chrome
"Mozilla/5.0 (Macintosh; Intel Mac OS X 10_15_7) AppleWebKit/537.36 (KHTML, like Gecko) Chrome/87.0.4280.88 Safari/537.36",Desktop,chrome
"Mozilla/5.0 (Windows NT 6.1; ) AppleWebKit/537.36 (KHTML, like Gecko) Chrome/81.0.4044.122 Safari/537.36",Desktop,chrome
"Mozilla/5.0 (Windows NT 6.3; Win64; x64) AppleWebKit/537.36 (KHTML, like Gecko) Chrome/85.0.4183.121 Safari/537.36",Desktop,chrome
"Mozilla/5.0 (Windows NT 6.3; Win64; x64) AppleWebKit/537.36 (KHTML, like Gecko) Chrome/81.0.4044.129 Safari/537.36",Desktop,chrome
"Mozilla/5.0 (Windows NT 6.1) AppleWebKit/537.36 (KHTML, like Gecko) Chrome/80.0.3987.116 Safari/537.36",Desktop,chrome
"Mozilla/5.0 (Windows NT 6.1) AppleWebKit/537.36 (KHTML, like Gecko) Chrome/86.0.4240.75 Safari/537.36",Desktop,chrome
"Mozilla/5.0 (Windows NT 6.1; Win64; x64) AppleWebKit/537.36 (KHTML, like Gecko) Chrome/80.0.3987.106 Safari/537.36",Desktop,chrome
"Mozilla/5.0 (Windows NT 6.3; Win64; x64) AppleWebKit/537.36 (KHTML, like Gecko) Chrome/84.0.4147.135 Safari/537.36",Desktop,chrome
"Mozilla/5.0 (Windows NT 6.1; Win64; x64) AppleWebKit/537.36 (KHTML, like Gecko) Chrome/80.0.3987.87 Safari/537.36",Desktop,chrome
"Mozilla/5.0 (X11; CrOS x86_64 13505.73.0) AppleWebKit/537.36 (KHTML, like Gecko) Chrome/87.0.4280.109 Safari/537.36",Desktop,chrome
"Mozilla/5.0 (Macintosh; Intel Mac OS X 10_15_5) AppleWebKit/537.36 (KHTML, like Gecko) Chrome/83.0.4103.116 Safari/537.36",Desktop,chrome
"Mozilla/5.0 (Windows NT 6.3; Win64; x64) AppleWebKit/537.36 (KHTML, like Gecko) Chrome/86.0.4240.111 Safari/537.36",Desktop,chrome
"Mozilla/5.0 (Windows NT 6.1; Win64; x64) AppleWebKit/537.36 (KHTML, like Gecko) Chrome/83.0.4103.106 Safari/537.36",Desktop,chrome
"Mozilla/5.0 (Windows NT 6.1; Win64; x64) AppleWebKit/537.36 (KHTML, like Gecko) Chrome/88.0.4324.150 Safari/537.36",Desktop,chrome
"Mozilla/5.0 (Windows NT 6.3; Win64; x64) AppleWebKit/537.36 (KHTML, like Gecko) Chrome/84.0.4147.89 Safari/537.36",Desktop,chrome
"Mozilla/5.0 (Windows NT 10.0; WOW64) AppleWebKit/537.36 (KHTML, like Gecko) Chrome/81.0.4044.138 Safari/537.36",Desktop,chrome
"Mozilla/5.0 (Windows NT 10.0; ) AppleWebKit/537.36 (KHTML, like Gecko) Chrome/83.0.4103.116 Safari/537.36",Desktop,chrome
"Mozilla/5.0 (Windows NT 10.0; WOW64) AppleWebKit/537.36 (KHTML, like Gecko) Chrome/83.0.4103.116 Safari/537.36",Desktop,chrome
"Mozilla/5.0 (Macintosh; Intel Mac OS X 10_14_6) AppleWebKit/537.36 (KHTML, like Gecko) Chrome/80.0.3987.149 Safari/537.36",Desktop,chrome
"Mozilla/5.0 (Windows NT 6.3; Win64; x64) AppleWebKit/537.36 (KHTML, like Gecko) Chrome/85.0.4183.83 Safari/537.36",Desktop,chrome
"Mozilla/5.0 (Windows NT 6.3; Win64; x64) AppleWebKit/537.36 (KHTML, like Gecko) Chrome/87.0.4280.88 Safari/537.36",Desktop,chrome
"Mozilla/5.0 (Windows NT 6.1; Win64; x64) AppleWebKit/537.36 (KHTML, like Gecko) Chrome/86.0.4240.183 Safari/537.36",Desktop,chrome
"Mozilla/5.0 (Windows NT 10.0; WOW64) AppleWebKit/537.36 (KHTML, like Gecko) Chrome/80.0.3987.149 Safari/537.36",Desktop,chrome
"Mozilla/5.0 (Windows NT 10.0; ) AppleWebKit/537.36 (KHTML, like Gecko) Chrome/81.0.4044.138 Safari/537.36",Desktop,chrome
"Mozilla/5.0 (Windows NT 6.1; WOW64) AppleWebKit/537.36 (KHTML, like Gecko) Chrome/80.0.3987.149 Safari/537.36",Desktop,chrome
"Mozilla/5.0 (Windows NT 6.1; WOW64) AppleWebKit/537.36 (KHTML, like Gecko) Chrome/81.0.4044.138 Safari/537.36",Desktop,chrome
"Mozilla/5.0 (Windows NT 6.1; Win64; x64) AppleWebKit/537.36 (KHTML, like Gecko) Chrome/87.0.4280.66 Safari/537.36",Desktop,chrome
"Mozilla/5.0 (Windows NT 6.3; Win64; x64) AppleWebKit/537.36 (KHTML, like Gecko) Chrome/84.0.4147.105 Safari/537.36",Desktop,chrome
"Mozilla/5.0 (Windows NT 6.3; Win64; x64) AppleWebKit/537.36 (KHTML, like Gecko) Chrome/80.0.3987.122 Safari/537.36",Desktop,chrome
"Mozilla/5.0 (Windows NT 6.3; Win64; x64) AppleWebKit/537.36 (KHTML, like Gecko) Chrome/86.0.4240.75 Safari/537.36",Desktop,chrome
"Mozilla/5.0 (Windows NT 6.1) AppleWebKit/537.36 (KHTML, like Gecko) Chrome/89.0.4389.90 Safari/537.36",Desktop,chrome
"Mozilla/5.0 (Windows NT 6.1; ) AppleWebKit/537.36 (KHTML, like Gecko) Chrome/81.0.4044.113 Safari/537.36",Desktop,chrome
"Mozilla/5.0 (Windows NT 6.1; WOW64) AppleWebKit/537.36 (KHTML, like Gecko) Chrome/83.0.4103.116 Safari/537.36",Desktop,chrome
"Mozilla/5.0 (Windows NT 6.3; Win64; x64) AppleWebKit/537.36 (KHTML, like Gecko) Chrome/84.0.4147.125 Safari/537.36",Desktop,chrome
"Mozilla/5.0 (Macintosh; Intel Mac OS X 10_15_3) AppleWebKit/537.36 (KHTML, like Gecko) Chrome/80.0.3987.149 Safari/537.36",Desktop,chrome
"Mozilla/5.0 (Windows NT 6.1) AppleWebKit/537.36 (KHTML, like Gecko) Chrome/86.0.4240.198 Safari/537.36",Desktop,chrome
"Mozilla/5.0 (Windows NT 6.1) AppleWebKit/537.36 (KHTML, like Gecko) Chrome/87.0.4280.141 Safari/537.36",Desktop,chrome
"Mozilla/5.0 (Windows NT 6.1) AppleWebKit/537.36 (KHTML, like Gecko) Chrome/80.0.3987.106 Safari/537.36",Desktop,chrome
"Mozilla/5.0 (Windows NT 6.1) AppleWebKit/537.36 (KHTML, like Gecko) Chrome/88.0.4324.190 Safari/537.36",Desktop,chrome
"Mozilla/5.0 (Macintosh; Intel Mac OS X 10_14_6) AppleWebKit/537.36 (KHTML, like Gecko) Chrome/79.0.3945.130 Safari/537.36",Desktop,chrome
"Mozilla/5.0 (Macintosh; Intel Mac OS X 10_15_4) AppleWebKit/537.36 (KHTML, like Gecko) Chrome/81.0.4044.138 Safari/537.36",Desktop,chrome
"Mozilla/5.0 (Windows NT 10.0; WOW64) AppleWebKit/537.36 (KHTML, like Gecko) Chrome/83.0.4103.61 Safari/537.36",Desktop,chrome
"Mozilla/5.0 (Windows NT 6.1; WOW64) AppleWebKit/537.36 (KHTML, like Gecko) Chrome/79.0.3945.130 Safari/537.36",Desktop,chrome
"Mozilla/5.0 (Windows NT 6.0) AppleWebKit/537.36 (KHTML, like Gecko) Chrome/49.0.2623.112 Safari/537.36",Desktop,chrome
"Mozilla/5.0 (Windows NT 10.0; Win64; x64) AppleWebKit/537.36 (KHTML, like Gecko) Chrome/78.0.3904.108 Safari/537.36",Desktop,chrome
"Mozilla/5.0 (Windows NT 10.0; ) AppleWebKit/537.36 (KHTML, like Gecko) Chrome/83.0.4103.61 Safari/537.36",Desktop,chrome
"Mozilla/5.0 (Windows NT 6.3; Win64; x64) AppleWebKit/537.36 (KHTML, like Gecko) Chrome/81.0.4044.122 Safari/537.36",Desktop,chrome
"Mozilla/5.0 (Macintosh; Intel Mac OS X 10_14_6) AppleWebKit/537.36 (KHTML, like Gecko) Chrome/83.0.4103.116 Safari/537.36",Desktop,chrome
"Mozilla/5.0 (Windows NT 6.1; Win64; x64) AppleWebKit/537.36 (KHTML, like Gecko) Chrome/88.0.4324.182 Safari/537.36",Desktop,chrome
"Mozilla/5.0 (Macintosh; Intel Mac OS X 10_14_6) AppleWebKit/537.36 (KHTML, like Gecko) Chrome/87.0.4280.88 Safari/537.36",Desktop,chrome
"Mozilla/5.0 (Windows NT 10.0; WOW64) AppleWebKit/537.36 (KHTML, like Gecko) Chrome/80.0.3987.163 Safari/537.36",Desktop,chrome
"Mozilla/5.0 (Windows NT 10.0) AppleWebKit/537.36 (KHTML, like Gecko) Chrome/80.0.3987.149 Safari/537.36",Desktop,chrome
"Mozilla/5.0 (Windows NT 6.1; Win64; x64) AppleWebKit/537.36 (KHTML, like Gecko) Chrome/89.0.4389.82 Safari/537.36",Desktop,chrome
"Mozilla/5.0 (Windows NT 6.1; Win64; x64) AppleWebKit/537.36 (KHTML, like Gecko) Chrome/81.0.4044.92 Safari/537.36",Desktop,chrome
"Mozilla/5.0 (Macintosh; Intel Mac OS X 10_14_6) AppleWebKit/537.36 (KHTML, like Gecko) Chrome/81.0.4044.138 Safari/537.36",Desktop,chrome
"Mozilla/5.0 (Windows NT 10.0; Win64; x64) AppleWebKit/537.36 (KHTML, like Gecko) Chrome/89.0.4389.72 Safari/537.36",Desktop,chrome
"Mozilla/5.0 (Windows NT 6.1; WOW64) AppleWebKit/537.36 (KHTML, like Gecko) Chrome/83.0.4103.61 Safari/537.36",Desktop,chrome
"Mozilla/5.0 (Windows NT 6.1; Win64; x64) AppleWebKit/537.36 (KHTML, like Gecko) Chrome/80.0.3987.100 Safari/537.36",Desktop,chrome
"Mozilla/5.0 (Macintosh; Intel Mac OS X 10_13_6) AppleWebKit/537.36 (KHTML, like Gecko) Chrome/80.0.3987.149 Safari/537.36",Desktop,chrome
"Mozilla/5.0 (Macintosh; Intel Mac OS X 10_15_6) AppleWebKit/605.1.15 (KHTML, like Gecko) Version/14.0.3 Safari/605.1.15",Desktop,safari
"Mozilla/5.0 (Macintosh; Intel Mac OS X 10_15) AppleWebKit/605.1.15 (KHTML, like Gecko) Version/13.0.5 Safari/605.1.15",Desktop,safari
"Mozilla/5.0 (Macintosh; Intel Mac OS X 10_15_4) AppleWebKit/605.1.15 (KHTML, like Gecko) Version/13.1 Safari/605.1.15",Desktop,safari
"Mozilla/5.0 (Macintosh; Intel Mac OS X 10_15_6) AppleWebKit/605.1.15 (KHTML, like Gecko) Version/14.0.1 Safari/605.1.15",Desktop,safari
"Mozilla/5.0 (Macintosh; Intel Mac OS X 10_15_4) AppleWebKit/605.1.15 (KHTML, like Gecko) Version/13.1.2 Safari/605.1.15",Desktop,safari
"Mozilla/5.0 (Macintosh; Intel Mac OS X 10_15_6) AppleWebKit/605.1.15 (KHTML, like Gecko) Version/14.0.2 Safari/605.1.15",Desktop,safari
"Mozilla/5.0 (Macintosh; Intel Mac OS X 10_15_4) AppleWebKit/605.1.15 (KHTML, like Gecko) Version/13.1.1 Safari/605.1.15",Desktop,safari
"Mozilla/5.0 (Macintosh; Intel Mac OS X 10_15_6) AppleWebKit/605.1.15 (KHTML, like Gecko) Version/14.0 Safari/605.1.15",Desktop,safari
"Mozilla/5.0 (Macintosh; Intel Mac OS X 10_15_3) AppleWebKit/605.1.15 (KHTML, like Gecko) Version/13.0.5 Safari/605.1.15",Desktop,safari
"Mozilla/5.0 (Macintosh; Intel Mac OS X 10_15_5) AppleWebKit/605.1.15 (KHTML, like Gecko) Version/13.1.1 Safari/605.1.15",Desktop,safari
"Mozilla/5.0 (Macintosh; Intel Mac OS X 10_13_6) AppleWebKit/605.1.15 (KHTML, like Gecko) Version/13.1.2 Safari/605.1.15",Desktop,safari
"Mozilla/5.0 (Macintosh; Intel Mac OS X 10_15_7) AppleWebKit/605.1.15 (KHTML, like Gecko) Version/14.0 Safari/605.1.15",Desktop,safari
"Mozilla/5.0 (Macintosh; Intel Mac OS X 10_11_6) AppleWebKit/605.1.15 (KHTML, like Gecko) Version/11.1.2 Safari/605.1.15",Desktop,safari
"Mozilla/5.0 (Macintosh; Intel Mac OS X 10_15_6) AppleWebKit/605.1.15 (KHTML, like Gecko) Version/13.1.2 Safari/605.1.15",Desktop,safari
"Mozilla/5.0 (Macintosh; Intel Mac OS X 10_15) AppleWebKit/605.1.15 (KHTML, like Gecko) Version/13.0.4 Safari/605.1.15",Desktop,safari
"Mozilla/5.0 (Macintosh; Intel Mac OS X 10_14_6) AppleWebKit/605.1.15 (KHTML, like Gecko) Version/13.1 Safari/605.1.15",Desktop,safari
"Mozilla/5.0 (Macintosh; Intel Mac OS X 10_13_6) AppleWebKit/605.1.15 (KHTML, like Gecko) Version/13.1 Safari/605.1.15",Desktop,safari
"Mozilla/5.0 (Macintosh; Intel Mac OS X 10_14_6) AppleWebKit/605.1.15 (KHTML, like Gecko) Version/13.0.5 Safari/605.1.15",Desktop,safari
"Mozilla/5.0 (Macintosh; Intel Mac OS X 10_15_2) AppleWebKit/605.1.15 (KHTML, like Gecko) Version/13.0.4 Safari/605.1.15",Desktop,safari
"Mozilla/5.0 (Macintosh; Intel Mac OS X 10_13_6) AppleWebKit/605.1.15 (KHTML, like Gecko) Version/13.0.5 Safari/605.1.15",Desktop,safari
"Mozilla/5.0 (Macintosh; Intel Mac OS X 10_14_6) AppleWebKit/605.1.15 (KHTML, like Gecko) Version/13.1.1 Safari/605.1.15",Desktop,safari
"Mozilla/5.0 (Macintosh; Intel Mac OS X 10_14_6) AppleWebKit/605.1.15 (KHTML, like Gecko) Version/13.1.2 Safari/605.1.15",Desktop,safari
"Mozilla/5.0 (Macintosh; Intel Mac OS X 10_13_6) AppleWebKit/605.1.15 (KHTML, like Gecko) Version/13.1.1 Safari/605.1.15",Desktop,safari
"Mozilla/5.0 (Macintosh; Intel Mac OS X 10_15) AppleWebKit/605.1.15 (KHTML, like Gecko) Version/13.0.1 Safari/605.1.15",Desktop,safari
"Mozilla/5.0 (Macintosh; Intel Mac OS X 10_15_7) AppleWebKit/605.1.15 (KHTML, like Gecko) Version/14.0.2 Safari/605.1.15",Desktop,safari
"Mozilla/5.0 (Macintosh; Intel Mac OS X 10_15_7) AppleWebKit/605.1.15 (KHTML, like Gecko) Version/14.0.1 Safari/605.1.15",Desktop,safari
"Mozilla/5.0 (Macintosh; Intel Mac OS X 10_14_6) AppleWebKit/605.1.15 (KHTML, like Gecko) Version/14.0 Safari/605.1.15",Desktop,safari
"Mozilla/5.0 (Macintosh; Intel Mac OS X 10_15_7) AppleWebKit/605.1.15 (KHTML, like Gecko) Version/13.1.3 Safari/605.1.15",Desktop,safari
"Mozilla/5.0 (Macintosh; Intel Mac OS X 10_12_6) AppleWebKit/605.1.15 (KHTML, like Gecko) Version/12.1.2 Safari/605.1.15",Desktop,safari
"Mozilla/5.0 (Macintosh; Intel Mac OS X 10_15_1) AppleWebKit/605.1.15 (KHTML, like Gecko) Version/13.0.3 Safari/605.1.15",Desktop,safari
"Mozilla/5.0 (Macintosh; Intel Mac OS X 10_15_7) AppleWebKit/605.1.15 (KHTML, like Gecko) Version/14.0.3 Safari/605.1.15",Desktop,safari
"Mozilla/5.0 (Macintosh; Intel Mac OS X 10_14_6) AppleWebKit/605.1.15 (KHTML, like Gecko) Version/14.0.1 Safari/605.1.15",Desktop,safari
"Mozilla/5.0 (Macintosh; Intel Mac OS X 10_15) AppleWebKit/605.1.15 (KHTML, like Gecko) Version/13.0.3 Safari/605.1.15",Desktop,safari
"Mozilla/5.0 (Macintosh; Intel Mac OS X 10_14_6) AppleWebKit/605.1.15 (KHTML, like Gecko) Version/13.0.4 Safari/605.1.15",Desktop,safari
"Mozilla/5.0 (Macintosh; Intel Mac OS X 10_13_6) AppleWebKit/605.1.15 (KHTML, like Gecko) Version/13.0.4 Safari/605.1.15",Desktop,safari
"Mozilla/5.0 (Macintosh; Intel Mac OS X 10_15) AppleWebKit/605.1.15 (KHTML, like Gecko) Version/13.0.2 Safari/605.1.15",Desktop,safari
"Mozilla/5.0 (Macintosh; Intel Mac OS X 10_12_6) AppleWebKit/603.3.8 (KHTML, like Gecko) Version/10.1.2 Safari/603.3.8",Desktop,safari
"Mozilla/5.0 (Macintosh; Intel Mac OS X 10_14_6) AppleWebKit/605.1.15 (KHTML, like Gecko) Version/14.0.2 Safari/605.1.15",Desktop,safari
"Mozilla/5.0 (Macintosh; Intel Mac OS X 10_14_6) AppleWebKit/605.1.15 (KHTML, like Gecko) Version/14.0.3 Safari/605.1.15",Desktop,safari
"Mozilla/5.0 (Macintosh; Intel Mac OS X 10_14_6) AppleWebKit/605.1.15 (KHTML, like Gecko) Version/13.0.3 Safari/605.1.15",Desktop,safari
Mozilla/5.0 (Windows NT 10.0; Win64; x64; rv:74.0) Gecko/20100101 Firefox/74.0,Desktop,firefox
Mozilla/5.0 (Windows NT 10.0; Win64; x64; rv:76.0) Gecko/20100101 Firefox/76.0,Desktop,firefox
Mozilla/5.0 (Windows NT 10.0; Win64; x64; rv:75.0) Gecko/20100101 Firefox/75.0,Desktop,firefox
Mozilla/5.0 (Windows NT 10.0; Win64; x64; rv:77.0) Gecko/20100101 Firefox/77.0,Desktop,firefox
Mozilla/5.0 (Windows NT 10.0; Win64; x64; rv:78.0) Gecko/20100101 Firefox/78.0,Desktop,firefox
Mozilla/5.0 (Windows NT 10.0; Win64; x64; rv:73.0) Gecko/20100101 Firefox/73.0,Desktop,firefox
Mozilla/5.0 (Windows NT 10.0; Win64; x64; rv:80.0) Gecko/20100101 Firefox/80.0,Desktop,firefox
Mozilla/5.0 (Windows NT 10.0; Win64; x64; rv:72.0) Gecko/20100101 Firefox/72.0,Desktop,firefox
Mozilla/5.0 (Windows NT 10.0; Win64; x64; rv:86.0) Gecko/20100101 Firefox/86.0,Desktop,firefox
Mozilla/5.0 (Windows NT 10.0; Win64; x64; rv:79.0) Gecko/20100101 Firefox/79.0,Desktop,firefox
Mozilla/5.0 (Windows NT 10.0; Win64; x64; rv:81.0) Gecko/20100101 Firefox/81.0,Desktop,firefox
Mozilla/5.0 (Windows NT 10.0; Win64; x64; rv:84.0) Gecko/20100101 Firefox/84.0,Desktop,firefox
Mozilla/5.0 (Windows NT 10.0; Win64; x64; rv:85.0) Gecko/20100101 Firefox/85.0,Desktop,firefox
Mozilla/5.0 (Windows NT 6.1; Win64; x64; rv:74.0) Gecko/20100101 Firefox/74.0,Desktop,firefox
Mozilla/5.0 (Windows NT 6.1; Win64; x64; rv:76.0) Gecko/20100101 Firefox/76.0,Desktop,firefox
Mozilla/5.0 (Windows NT 5.1; rv:52.0) Gecko/20100101 Firefox/52.0,Desktop,firefox
Mozilla/5.0 (Windows NT 6.1; Win64; x64; rv:75.0) Gecko/20100101 Firefox/75.0,Desktop,firefox
Mozilla/5.0 (Windows NT 10.0; Win64; x64; rv:82.0) Gecko/20100101 Firefox/82.0,Desktop,firefox
Mozilla/5.0 (Windows NT 10.0; Win64; x64; rv:83.0) Gecko/20100101 Firefox/83.0,Desktop,firefox
Mozilla/5.0 (Windows NT 6.1; Win64; x64; rv:73.0) Gecko/20100101 Firefox/73.0,Desktop,firefox
Mozilla/5.0 (Windows NT 6.1; Win64; x64; rv:72.0) Gecko/20100101 Firefox/72.0,Desktop,firefox
Mozilla/5.0 (Windows NT 6.1; Win64; x64; rv:77.0) Gecko/20100101 Firefox/77.0,Desktop,firefox
Mozilla/5.0 (Windows NT 6.1; Win64; x64; rv:78.0) Gecko/20100101 Firefox/78.0,Desktop,firefox
Mozilla/5.0 (Windows NT 10.0; Win64; x64; rv:87.0) Gecko/20100101 Firefox/87.0,Desktop,firefox
Mozilla/5.0 (Windows NT 6.1; rv:74.0) Gecko/20100101 Firefox/74.0,Desktop,firefox
Mozilla/5.0 (Windows NT 6.1; Win64; x64; rv:80.0) Gecko/20100101 Firefox/80.0,Desktop,firefox
Mozilla/5.0 (Windows NT 6.1; rv:73.0) Gecko/20100101 Firefox/73.0,Desktop,firefox
Mozilla/5.0 (Windows NT 6.1; rv:76.0) Gecko/20100101 Firefox/76.0,Desktop,firefox
"Mozilla/5.0 (Windows NT 10.0; Win64; x64) AppleWebKit/537.36 (KHTML, like Gecko) Chrome/87.0.4280.88 Safari/537.36 Edg/87.0.664.66",Desktop,edge
"Mozilla/5.0 (Windows NT 10.0; Win64; x64) AppleWebKit/537.36 (KHTML, like Gecko) Chrome/85.0.4183.102 Safari/537.36 Edg/85.0.564.51",Desktop,edge
"Mozilla/5.0 (Windows NT 10.0; Win64; x64) AppleWebKit/537.36 (KHTML, like Gecko) Chrome/86.0.4240.198 Safari/537.36 Edg/86.0.622.69",Desktop,edge
"Mozilla/5.0 (Windows NT 10.0; Win64; x64) AppleWebKit/537.36 (KHTML, like Gecko) Chrome/87.0.4280.141 Safari/537.36 Edg/87.0.664.75",Desktop,edge
"Mozilla/5.0 (Windows NT 10.0; Win64; x64) AppleWebKit/537.36 (KHTML, like Gecko) Chrome/86.0.4240.183 Safari/537.36 Edg/86.0.622.63",Desktop,edge
"Mozilla/5.0 (Windows NT 10.0; Win64; x64) AppleWebKit/537.36 (KHTML, like Gecko) Chrome/64.0.3282.140 Safari/537.36 Edge/17.17134",Desktop,edge
"Mozilla/5.0 (Windows NT 10.0; Win64; x64) AppleWebKit/537.36 (KHTML, like Gecko) Chrome/85.0.4183.83 Safari/537.36 Edg/85.0.564.44",Desktop,edge
"Mozilla/5.0 (Windows NT 10.0; Win64; x64) AppleWebKit/537.36 (KHTML, like Gecko) Chrome/87.0.4280.67 Safari/537.36 Edg/87.0.664.47",Desktop,edge
"Mozilla/5.0 (Windows NT 10.0; Win64; x64) AppleWebKit/537.36 (KHTML, like Gecko) Chrome/87.0.4280.66 Safari/537.36 Edg/87.0.664.41",Desktop,edge
"Mozilla/5.0 (Windows NT 10.0; Win64; x64) AppleWebKit/537.36 (KHTML, like Gecko) Chrome/86.0.4240.111 Safari/537.36 Edg/86.0.622.51",Desktop,edge
"Mozilla/5.0 (Windows NT 10.0; Win64; x64) AppleWebKit/537.36 (KHTML, like Gecko) Chrome/85.0.4183.121 Safari/537.36 Edg/85.0.564.63",Desktop,edge
"Mozilla/5.0 (Windows NT 10.0; Win64; x64) AppleWebKit/537.36 (KHTML, like Gecko) Chrome/84.0.4147.135 Safari/537.36 Edg/84.0.522.63",Desktop,edge
"Mozilla/5.0 (Windows NT 10.0; Win64; x64) AppleWebKit/537.36 (KHTML, like Gecko) Chrome/88.0.4324.150 Safari/537.36 Edg/88.0.705.63",Desktop,edge
"Mozilla/5.0 (Windows NT 10.0; Win64; x64) AppleWebKit/537.36 (KHTML, like Gecko) Chrome/84.0.4147.125 Safari/537.36 Edg/84.0.522.59",Desktop,edge
"Mozilla/5.0 (Windows NT 10.0; Win64; x64) AppleWebKit/537.36 (KHTML, like Gecko) Chrome/88.0.4324.96 Safari/537.36 Edg/88.0.705.56",Desktop,edge
"Mozilla/5.0 (Windows NT 10.0; Win64; x64) AppleWebKit/537.36 (KHTML, like Gecko) Chrome/88.0.4324.182 Safari/537.36 Edg/88.0.705.74",Desktop,edge
"Mozilla/5.0 (X11; Linux x86_64) AppleWebKit/537.36 (KHTML, like Gecko) Chrome/80.0.3987.149 Safari/537.36",Desktop,chrome
"Mozilla/5.0 (X11; Linux x86_64) AppleWebKit/537.36 (KHTML, like Gecko) Chrome/81.0.4044.138 Safari/537.36",Desktop,chrome
"Mozilla/5.0 (X11; Linux x86_64) AppleWebKit/537.36 (KHTML, like Gecko) Chrome/80.0.3987.162 Safari/537.36",Desktop,chrome
"Mozilla/5.0 (X11; Linux x86_64) AppleWebKit/537.36 (KHTML, like Gecko) Chrome/80.0.3987.132 Safari/537.36",Desktop,chrome
"Mozilla/5.0 (X11; Linux x86_64) AppleWebKit/537.36 (KHTML, like Gecko) Chrome/83.0.4103.106 Safari/537.36",Desktop,chrome
"Mozilla/5.0 (X11; Linux x86_64) AppleWebKit/537.36 (KHTML, like Gecko) Chrome/83.0.4103.116 Safari/537.36",Desktop,chrome
"Mozilla/5.0 (X11; Linux x86_64) AppleWebKit/537.36 (KHTML, like Gecko) Chrome/84.0.4147.125 Safari/537.36",Desktop,chrome
"Mozilla/5.0 (X11; Linux x86_64) AppleWebKit/537.36 (KHTML, like Gecko) Chrome/83.0.4103.61 Safari/537.36",Desktop,chrome
"Mozilla/5.0 (X11; Linux x86_64) AppleWebKit/537.36 (KHTML, like Gecko) Chrome/87.0.4280.66 Safari/537.36",Desktop,chrome
"Mozilla/5.0 (X11; Linux x86_64) AppleWebKit/537.36 (KHTML, like Gecko) Chrome/84.0.4147.89 Safari/537.36",Desktop,chrome
"Mozilla/5.0 (X11; Linux x86_64) AppleWebKit/537.36 (KHTML, like Gecko) Chrome/87.0.4280.88 Safari/537.36",Desktop,chrome
"Mozilla/5.0 (X11; Linux x86_64) AppleWebKit/537.36 (KHTML, like Gecko) Chrome/80.0.3987.99 Safari/537.36",Desktop,chrome
"Mozilla/5.0 (X11; Linux x86_64) AppleWebKit/537.36 (KHTML, like Gecko) Chrome/79.0.3945.130 Safari/537.36",Desktop,chrome
"Mozilla/5.0 (X11; Linux x86_64) AppleWebKit/537.36 (KHTML, like Gecko) Chrome/87.0.4280.101 Safari/537.36",Desktop,chrome
"Mozilla/5.0 (X11; Linux x86_64) AppleWebKit/537.36 (KHTML, like Gecko) Chrome/87.0.4280.141 Safari/537.36",Desktop,chrome
"Mozilla/5.0 (X11; Linux x86_64) AppleWebKit/537.36 (KHTML, like Gecko) Chrome/81.0.4044.117 Safari/537.36",Desktop,chrome
"Mozilla/5.0 (X11; Linux x86_64) AppleWebKit/537.36 (KHTML, like Gecko) Chrome/80.0.3987.87 Safari/537.36",Desktop,chrome
"Mozilla/5.0 (X11; Linux x86_64) AppleWebKit/537.36 (KHTML, like Gecko) Chrome/84.0.4147.105 Safari/537.36",Desktop,chrome
"Mozilla/5.0 (X11; Linux x86_64) AppleWebKit/537.36 (KHTML, like Gecko) Chrome/85.0.4183.83 Safari/537.36",Desktop,chrome
"Mozilla/5.0 (X11; Linux x86_64) AppleWebKit/537.36 (KHTML, like Gecko) Chrome/86.0.4240.75 Safari/537.36",Desktop,chrome
"Mozilla/5.0 (X11; Linux x86_64) AppleWebKit/537.36 (KHTML, like Gecko) Chrome/85.0.4183.101 Safari/537.36",Desktop,chrome
"Mozilla/5.0 (X11; Linux x86_64) AppleWebKit/537.36 (KHTML, like Gecko) Chrome/78.0.3904.108 Safari/537.36",Desktop,chrome
"Mozilla/5.0 (X11; Linux x86_64) AppleWebKit/537.36 (KHTML, like Gecko) Chrome/86.0.4240.198 Safari/537.36",Desktop,chrome
Mozilla/5.0 (Mobile; LYF/F220B/LYF-F220B-003-01-45-051119;Android; rv:48.0) Gecko/48.0 Firefox/48.0 KAIOS/2.5,Mobile,firefox
"Mozilla/5.0 (Linux; Android 10; SAMSUNG SM-G973F) AppleWebKit/537.36 (KHTML, like Gecko) SamsungBrowser/13.0 Chrome/83.0.4103.106 Mobile Safari/537.36",Mobile,samsung
"Mozilla/5.0 (Linux; Android 10; SAMSUNG SM-G973F) AppleWebKit/537.36 (KHTML, like Gecko) SamsungBrowser/12.1 Chrome/79.0.3945.136 Mobile Safari/537.36",Mobile,samsung
"Mozilla/5.0 (Linux; Android 10; SM-G973F) AppleWebKit/537.36 (KHTML, like Gecko) Chrome/87.0.4280.101 Mobile Safari/537.36",Mobile,chrome
"Mozilla/5.0 (Linux; Android 9; SAMSUNG SM-G950F) AppleWebKit/537.36 (KHTML, like Gecko) SamsungBrowser/13.2 Chrome/83.0.4103.106 Mobile Safari/537.36",Mobile,samsung
"Mozilla/5.0 (Linux; Android 10; SAMSUNG SM-G960F) AppleWebKit/537.36 (KHTML, like Gecko) SamsungBrowser/13.2 Chrome/83.0.4103.106 Mobile Safari/537.36",Mobile,samsung
"Mozilla/5.0 (Linux; Android 10; SAMSUNG SM-A515F) AppleWebKit/537.36 (KHTML, like Gecko) SamsungBrowser/13.2 Chrome/83.0.4103.106 Mobile Safari/537.36",Mobile,samsung
"Mozilla/5.0 (Linux; Android 10; SAMSUNG SM-G960F) AppleWebKit/537.36 (KHTML, like Gecko) SamsungBrowser/12.1 Chrome/79.0.3945.136 Mobile Safari/537.36",Mobile,samsung
"Mozilla/5.0 (Linux; Android 9; SM-G950F) AppleWebKit/537.36 (KHTML, like Gecko) Chrome/88.0.4324.181 Mobile Safari/537.36",Mobile,chrome
"Mozilla/5.0 (Linux; Android 10; SAMSUNG SM-A715F) AppleWebKit/537.36 (KHTML, like Gecko) SamsungBrowser/13.2 Chrome/83.0.4103.106 Mobile Safari/537.36",Mobile,samsung
"Mozilla/5.0 (Linux; Android 10; SM-G973F) AppleWebKit/537.36 (KHTML, like Gecko) Chrome/86.0.4240.198 Mobile Safari/537.36",Mobile,chrome
"Mozilla/5.0 (Linux; Android 10; SAMSUNG SM-G960F) AppleWebKit/537.36 (KHTML, like Gecko) SamsungBrowser/13.0 Chrome/83.0.4103.106 Mobile Safari/537.36",Mobile,samsung
"Mozilla/5.0 (Linux; Android 9; SM-G950F) AppleWebKit/537.36 (KHTML, like Gecko) Chrome/86.0.4240.198 Mobile Safari/537.36",Mobile,chrome
"Mozilla/5.0 (Linux; Android 9; SAMSUNG SM-G950F) AppleWebKit/537.36 (KHTML, like Gecko) SamsungBrowser/12.1 Chrome/79.0.3945.136 Mobile Safari/537.36",Mobile,samsung
"Mozilla/5.0 (Linux; Android 10; SAMSUNG SM-A505FN) AppleWebKit/537.36 (KHTML, like Gecko) SamsungBrowser/13.2 Chrome/83.0.4103.106 Mobile Safari/537.36",Mobile,samsung
"Mozilla/5.0 (Linux; Android 9; SM-G950F) AppleWebKit/537.36 (KHTML, like Gecko) Chrome/87.0.4280.101 Mobile Safari/537.36",Mobile,chrome
"Mozilla/5.0 (Linux; Android 9; SAMSUNG SM-G950F) AppleWebKit/537.36 (KHTML, like Gecko) SamsungBrowser/13.0 Chrome/83.0.4103.106 Mobile Safari/537.36",Mobile,samsung
"Mozilla/5.0 (Linux; Android 10; SAMSUNG SM-A405FN) AppleWebKit/537.36 (KHTML, like Gecko) SamsungBrowser/13.2 Chrome/83.0.4103.106 Mobile Safari/537.36",Mobile,samsung
"Mozilla/5.0 (Linux; Android 10; SM-A505FN) AppleWebKit/537.36 (KHTML, like Gecko) Chrome/88.0.4324.181 Mobile Safari/537.36",Mobile,chrome
"Mozilla/5.0 (Linux; Android 6.0.1; XT1635-01 Build/MCO24.104-35-1-19-3) AppleWebKit/537.36 (KHTML, like Gecko) Chrome/51.0.2704.81 Mobile Safari/537.36",Mobile,chrome
"Mozilla/5.0 (Linux; Android 10; SAMSUNG SM-A515F) AppleWebKit/537.36 (KHTML, like Gecko) SamsungBrowser/13.0 Chrome/83.0.4103.106 Mobile Safari/537.36",Mobile,samsung
"Mozilla/5.0 (Linux; Android 10; SM-A515F) AppleWebKit/537.36 (KHTML, like Gecko) Chrome/88.0.4324.181 Mobile Safari/537.36",Mobile,chrome
"Mozilla/5.0 (Linux; Android 10; MAR-LX1A) AppleWebKit/537.36 (KHTML, like Gecko) Chrome/88.0.4324.181 Mobile Safari/537.36",Mobile,chrome
"Mozilla/5.0 (Linux; Android 10; SM-G960F) AppleWebKit/537.36 (KHTML, like Gecko) Chrome/87.0.4280.101 Mobile Safari/537.36",Mobile,chrome
"Mozilla/5.0 (Linux; Android 10; SM-G960F) AppleWebKit/537.36 (KHTML, like Gecko) Chrome/86.0.4240.198 Mobile Safari/537.36",Mobile,chrome
"Mozilla/5.0 (Linux; Android 10; Redmi Note 9 Pro) AppleWebKit/537.36 (KHTML, like Gecko) Chrome/88.0.4324.181 Mobile Safari/537.36",Mobile,chrome
"Mozilla/5.0 (Linux; Android 11; SAMSUNG SM-G973F) AppleWebKit/537.36 (KHTML, like Gecko) SamsungBrowser/13.2 Chrome/83.0.4103.106 Mobile Safari/537.36",Mobile,samsung
"Mozilla/5.0 (Linux; Android 10; Redmi Note 8 Pro) AppleWebKit/537.36 (KHTML, like Gecko) Chrome/88.0.4324.181 Mobile Safari/537.36",Mobile,chrome
"Mozilla/5.0 (Linux; Android 10; SAMSUNG SM-G975F) AppleWebKit/537.36 (KHTML, like Gecko) SamsungBrowser/13.0 Chrome/83.0.4103.106 Mobile Safari/537.36",Mobile,samsung
"Mozilla/5.0 (Linux; Android 10; SM-G960U) AppleWebKit/537.36 (KHTML, like Gecko) Chrome/87.0.4280.101 Mobile Safari/537.36",Mobile,chrome
"Mozilla/5.0 (Linux; Android 10; Redmi Note 8 Pro) AppleWebKit/537.36 (KHTML, like Gecko) Chrome/83.0.4103.101 Mobile Safari/537.36",Mobile,chrome
"Mozilla/5.0 (Linux; Android 10; SM-G960F) AppleWebKit/537.36 (KHTML, like Gecko) Chrome/88.0.4324.181 Mobile Safari/537.36",Mobile,chrome
"Mozilla/5.0 (Linux; Android 10; SAMSUNG SM-G973F) AppleWebKit/537.36 (KHTML, like Gecko) SamsungBrowser/13.2 Chrome/83.0.4103.106 Mobile Safari/537.36",Mobile,samsung
"Mozilla/5.0 (Linux; Android 10; SM-G973U) AppleWebKit/537.36 (KHTML, like Gecko) Chrome/87.0.4280.101 Mobile Safari/537.36",Mobile,chrome
"Mozilla/5.0 (Linux; Android 10; Redmi Note 8 Pro) AppleWebKit/537.36 (KHTML, like Gecko) Chrome/89.0.4389.105 Mobile Safari/537.36",Mobile,chrome
"Mozilla/5.0 (Linux; Android 10; SM-A405FN) AppleWebKit/537.36 (KHTML, like Gecko) Chrome/88.0.4324.181 Mobile Safari/537.36",Mobile,chrome
"Mozilla/5.0 (Linux; Android 9; SM-A102U) AppleWebKit/537.36 (KHTML, like Gecko) Chrome/74.0.3729.136 Mobile Safari/537.36",Mobile,chrome
"Mozilla/5.0 (Linux; Android 10; SM-A515F) AppleWebKit/537.36 (KHTML, like Gecko) Chrome/87.0.4280.101 Mobile Safari/537.36",Mobile,chrome
"Mozilla/5.0 (Linux; Android 10; SM-G973F) AppleWebKit/537.36 (KHTML, like Gecko) Chrome/87.0.4280.141 Mobile Safari/537.36",Mobile,chrome
"Mozilla/5.0 (Linux; Android 10; SAMSUNG SM-A515F) AppleWebKit/537.36 (KHTML, like Gecko) SamsungBrowser/12.1 Chrome/79.0.3945.136 Mobile Safari/537.36",Mobile,samsung
"Mozilla/5.0 (Linux; Android 10; SM-G973F) AppleWebKit/537.36 (KHTML, like Gecko) Chrome/86.0.4240.185 Mobile Safari/537.36",Mobile,chrome
"Mozilla/5.0 (Linux; Android 10; SM-G975U) AppleWebKit/537.36 (KHTML, like Gecko) Chrome/87.0.4280.101 Mobile Safari/537.36",Mobile,chrome
"Mozilla/5.0 (X11; Linux x86_64) AppleWebKit/534.24 (KHTML, like Gecko) Chrome/71.0.3578.141 Safari/534.24 XiaoMi/MiuiBrowser/11.4.3-g",Mobile,miui
"Mozilla/5.0 (Linux; Android 10; Redmi Note 9 Pro) AppleWebKit/537.36 (KHTML, like Gecko) Chrome/83.0.4103.101 Mobile Safari/537.36",Mobile,chrome
"Mozilla/5.0 (Linux; Android 10; Redmi Note 9 Pro) AppleWebKit/537.36 (KHTML, like Gecko) Chrome/89.0.4389.105 Mobile Safari/537.36",Mobile,chrome
"Mozilla/5.0 (Linux; Android 10; SAMSUNG SM-A217F) AppleWebKit/537.36 (KHTML, like Gecko) SamsungBrowser/11.0 Chrome/75.0.3770.143 Mobile Safari/537.36",Mobile,samsung
"Mozilla/5.0 (Linux; Android 10; SAMSUNG SM-A705FN) AppleWebKit/537.36 (KHTML, like Gecko) SamsungBrowser/13.2 Chrome/83.0.4103.106 Mobile Safari/537.36",Mobile,samsung
"Mozilla/5.0 (Linux; Android 10; SM-A715F) AppleWebKit/537.36 (KHTML, like Gecko) Chrome/88.0.4324.181 Mobile Safari/537.36",Mobile,chrome
"Mozilla/5.0 (Linux; Android 10; SAMSUNG SM-G960U) AppleWebKit/537.36 (KHTML, like Gecko) SamsungBrowser/13.2 Chrome/83.0.4103.106 Mobile Safari/537.36",Mobile,samsung
"Mozilla/5.0 (Linux; Android 10; VOG-L29) AppleWebKit/537.36 (KHTML, like Gecko) Chrome/88.0.4324.181 Mobile Safari/537.36",Mobile,chrome
"Mozilla/5.0 (Linux; Android 8.1.0; SM-G610M) AppleWebKit/537.36 (KHTML, like Gecko) Chrome/83.0.4103.106 Mobile Safari/537.36",Mobile,chrome
"Mozilla/5.0 (Linux; Android 10; SAMSUNG SM-A202F) AppleWebKit/537.36 (KHTML, like Gecko) SamsungBrowser/13.2 Chrome/83.0.4103.106 Mobile Safari/537.36",Mobile,samsung
"Mozilla/5.0 (Linux; Android 9; SM-G950F) AppleWebKit/537.36 (KHTML, like Gecko) Chrome/89.0.4389.105 Mobile Safari/537.36",Mobile,chrome
"Mozilla/5.0 (Linux; Android 10; SM-A515F) AppleWebKit/537.36 (KHTML, like Gecko) Chrome/86.0.4240.198 Mobile Safari/537.36",Mobile,chrome
"Mozilla/5.0 (Linux; Android 10; SM-A705FN) AppleWebKit/537.36 (KHTML, like Gecko) Chrome/88.0.4324.181 Mobile Safari/537.36",Mobile,chrome
"Mozilla/5.0 (Linux; Android 10; SM-G960U) AppleWebKit/537.36 (KHTML, like Gecko) Chrome/85.0.4183.127 Mobile Safari/537.36",Mobile,chrome
"Mozilla/5.0 (Linux; Android 10; SAMSUNG SM-G975F) AppleWebKit/537.36 (KHTML, like Gecko) SamsungBrowser/12.1 Chrome/79.0.3945.136 Mobile Safari/537.36",Mobile,samsung
"Mozilla/5.0 (Linux; Android 10; SM-G975F) AppleWebKit/537.36 (KHTML, like Gecko) Chrome/87.0.4280.101 Mobile Safari/537.36",Mobile,chrome
"Mozilla/5.0 (Linux; Android 11; SM-G973F) AppleWebKit/537.36 (KHTML, like Gecko) Chrome/88.0.4324.181 Mobile Safari/537.36",Mobile,chrome
"Mozilla/5.0 (Linux; Android 10; MAR-LX1A) AppleWebKit/537.36 (KHTML, like Gecko) Chrome/89.0.4389.105 Mobile Safari/537.36",Mobile,chrome
"Mozilla/5.0 (Linux; Android 10; SM-G973F) AppleWebKit/537.36 (KHTML, like Gecko) Chrome/86.0.4240.110 Mobile Safari/537.36",Mobile,chrome
"Mozilla/5.0 (Linux; Android 8.0.0; SAMSUNG SM-G930F) AppleWebKit/537.36 (KHTML, like Gecko) SamsungBrowser/13.2 Chrome/83.0.4103.106 Mobile Safari/537.36",Mobile,samsung
"Mozilla/5.0 (Linux; Android 10; SM-G960U) AppleWebKit/537.36 (KHTML, like Gecko) Chrome/87.0.4280.141 Mobile Safari/537.36",Mobile,chrome
"Mozilla/5.0 (Linux; Android 10; SAMSUNG SM-A715F) AppleWebKit/537.36 (KHTML, like Gecko) SamsungBrowser/12.1 Chrome/79.0.3945.136 Mobile Safari/537.36",Mobile,samsung
"Mozilla/5.0 (Linux; Android 10; AC2001) AppleWebKit/537.36 (KHTML, like Gecko) Chrome/85.0.4183.101 Mobile Safari/537.36",Mobile,chrome
"Mozilla/5.0 (Linux; Android 10; SM-G965U) AppleWebKit/537.36 (KHTML, like Gecko) Chrome/87.0.4280.101 Mobile Safari/537.36",Mobile,chrome
"Mozilla/5.0 (Linux; Android 10; SM-G960F) AppleWebKit/537.36 (KHTML, like Gecko) Chrome/87.0.4280.141 Mobile Safari/537.36",Mobile,chrome
"Mozilla/5.0 (Linux; Android 10; SM-G975F) AppleWebKit/537.36 (KHTML, like Gecko) Chrome/86.0.4240.198 Mobile Safari/537.36",Mobile,chrome
"Mozilla/5.0 (Linux; Android 10; MAR-LX1A) AppleWebKit/537.36 (KHTML, like Gecko) Chrome/87.0.4280.101 Mobile Safari/537.36",Mobile,chrome
"Mozilla/5.0 (Linux; Android 10; MAR-LX1A) AppleWebKit/537.36 (KHTML, like Gecko) Chrome/86.0.4240.198 Mobile Safari/537.36",Mobile,chrome
"Mozilla/5.0 (Linux; Android 9; Redmi Note 5 Pro) AppleWebKit/537.36 (KHTML, like Gecko) Chrome/74.0.3729.136 Mobile Safari/537.36",Mobile,chrome
"Mozilla/5.0 (Linux; Android 10; SAMSUNG SM-G965F) AppleWebKit/537.36 (KHTML, like Gecko) SamsungBrowser/13.2 Chrome/83.0.4103.106 Mobile Safari/537.36",Mobile,samsung
"Mozilla/5.0 (Linux; Android 8.0.0; SM-G570M) AppleWebKit/537.36 (KHTML, like Gecko) Chrome/83.0.4103.106 Mobile Safari/537.36",Mobile,chrome
"Mozilla/5.0 (Linux; Android 10; Redmi Note 7 Pro) AppleWebKit/537.36 (KHTML, like Gecko) Chrome/83.0.4103.101 Mobile Safari/537.36",Mobile,chrome
"Mozilla/5.0 (Linux; Android 10; SM-G975U) AppleWebKit/537.36 (KHTML, like Gecko) Chrome/87.0.4280.141 Mobile Safari/537.36",Mobile,chrome
"Mozilla/5.0 (Linux; Android 9; ANE-LX1) AppleWebKit/537.36 (KHTML, like Gecko) Chrome/88.0.4324.181 Mobile Safari/537.36",Mobile,chrome
"Mozilla/5.0 (Linux; Android 10; SM-G960F) AppleWebKit/537.36 (KHTML, like Gecko) Chrome/86.0.4240.185 Mobile Safari/537.36",Mobile,chrome
"Mozilla/5.0 (Linux; Android 9; SM-G950F) AppleWebKit/537.36 (KHTML, like Gecko) Chrome/88.0.4324.152 Mobile Safari/537.36",Mobile,chrome
"Mozilla/5.0 (Linux; Android 10; SM-G973U) AppleWebKit/537.36 (KHTML, like Gecko) Chrome/87.0.4280.141 Mobile Safari/537.36",Mobile,chrome
"Mozilla/5.0 (Linux; Android 10; SM-A505FN) AppleWebKit/537.36 (KHTML, like Gecko) Chrome/89.0.4389.86 Mobile Safari/537.36",Mobile,chrome
"Mozilla/5.0 (Linux; Android 10; Redmi Note 8 Pro) AppleWebKit/537.36 (KHTML, like Gecko) Chrome/87.0.4280.101 Mobile Safari/537.36",Mobile,chrome
"Mozilla/5.0 (Linux; Android 10; SNE-LX1) AppleWebKit/537.36 (KHTML, like Gecko) Chrome/88.0.4324.181 Mobile Safari/537.36",Mobile,chrome
"Mozilla/5.0 (Linux; Android 10; Redmi Note 8 Pro) AppleWebKit/537.36 (KHTML, like Gecko) Chrome/89.0.4389.86 Mobile Safari/537.36",Mobile,chrome
"Mozilla/5.0 (Linux; Android 8.1.0; CPH1803) AppleWebKit/537.36 (KHTML, like Gecko) Chrome/70.0.3538.110 Mobile Safari/537.36",Mobile,chrome
"Mozilla/5.0 (Linux; Android 10; M2003J15SC) AppleWebKit/537.36 (KHTML, like Gecko) Chrome/83.0.4103.101 Mobile Safari/537.36",Mobile,chrome
"Mozilla/5.0 (Linux; Android 10; SAMSUNG SM-A715F) AppleWebKit/537.36 (KHTML, like Gecko) SamsungBrowser/13.0 Chrome/83.0.4103.106 Mobile Safari/537.36",Mobile,samsung
"Mozilla/5.0 (Linux; Android 10; SM-A515F) AppleWebKit/537.36 (KHTML, like Gecko) Chrome/81.0.4044.138 Mobile Safari/537.36",Mobile,chrome
"Mozilla/5.0 (Linux; Android 10; SM-N960U) AppleWebKit/537.36 (KHTML, like Gecko) Chrome/87.0.4280.101 Mobile Safari/537.36",Mobile,chrome
"Mozilla/5.0 (Linux; Android 9; moto g(6) play) AppleWebKit/537.36 (KHTML, like Gecko) Chrome/83.0.4103.106 Mobile Safari/537.36",Mobile,chrome
"Mozilla/5.0 (Linux; Android 10; SM-G965F) AppleWebKit/537.36 (KHTML, like Gecko) Chrome/88.0.4324.181 Mobile Safari/537.36",Mobile,chrome
"Mozilla/5.0 (Linux; Android 10; SM-G960U) AppleWebKit/537.36 (KHTML, like Gecko) Chrome/88.0.4324.181 Mobile Safari/537.36",Mobile,chrome
"Mozilla/5.0 (Linux; Android 8.0.0; SM-A320F) AppleWebKit/537.36 (KHTML, like Gecko) Chrome/78.0.3904.96 Mobile Safari/537.36",Mobile,chrome
"Mozilla/5.0 (Linux; Android 10; M2003J15SC) AppleWebKit/537.36 (KHTML, like Gecko) Chrome/89.0.4389.105 Mobile Safari/537.36",Mobile,chrome
"Mozilla/5.0 (Linux; Android 9; SM-G950F) AppleWebKit/537.36 (KHTML, like Gecko) Chrome/86.0.4240.185 Mobile Safari/537.36",Mobile,chrome
"Mozilla/5.0 (Linux; Android 9; SM-G950U) AppleWebKit/537.36 (KHTML, like Gecko) Chrome/87.0.4280.101 Mobile Safari/537.36",Mobile,chrome
"Mozilla/5.0 (Linux; U; Android 7.1.2; en-us; Redmi 5A Build/N2G47H) AppleWebKit/537.36 (KHTML, like Gecko) Version/4.0 Chrome/53.0.2785.146 Mobile Safari/537.36 XiaoMi/MiuiBrowser/9.5.6",Mobile,miui
"Mozilla/5.0 (Linux; Android 10; Redmi Note 8 Pro) AppleWebKit/537.36 (KHTML, like Gecko) Chrome/86.0.4240.198 Mobile Safari/537.36",Mobile,chrome
"Mozilla/5.0 (Linux; Android 10; SM-A505FN) AppleWebKit/537.36 (KHTML, like Gecko) Chrome/89.0.4389.105 Mobile Safari/537.36",Mobile,chrome
"Mozilla/5.0 (Linux; Android 10; SM-A715F) AppleWebKit/537.36 (KHTML, like Gecko) Chrome/87.0.4280.101 Mobile Safari/537.36",Mobile,chrome
"Mozilla/5.0 (Linux; Android 10; SAMSUNG SM-A105FN) AppleWebKit/537.36 (KHTML, like Gecko) SamsungBrowser/13.2 Chrome/83.0.4103.106 Mobile Safari/537.36",Mobile,samsung
"Mozilla/5.0 (Linux; Android 10; SAMSUNG SM-G965U) AppleWebKit/537.36 (KHTML, like Gecko) SamsungBrowser/13.2 Chrome/83.0.4103.106 Mobile Safari/537.36",Mobile,samsung
"Mozilla/5.0 (Linux; Android 9; ANE-LX1) AppleWebKit/537.36 (KHTML, like Gecko) Chrome/89.0.4389.105 Mobile Safari/537.36",Mobile,chrome
"Mozilla/5.0 (Linux; Android 9; SM-G950F) AppleWebKit/537.36 (KHTML, like Gecko) Chrome/83.0.4103.106 Mobile Safari/537.36",Mobile,chrome
"Mozilla/5.0 (Linux; Android 10; SAMSUNG SM-A202F) AppleWebKit/537.36 (KHTML, like Gecko) SamsungBrowser/13.0 Chrome/83.0.4103.106 Mobile Safari/537.36",Mobile,samsung
"Mozilla/5.0 (Linux; Android 10; SM-N960U) AppleWebKit/537.36 (KHTML, like Gecko) Chrome/87.0.4280.141 Mobile Safari/537.36",Mobile,chrome
"Mozilla/5.0 (Linux; Android 7.1.2; Redmi 4X) AppleWebKit/537.36 (KHTML, like Gecko) Chrome/75.0.3770.67 Mobile Safari/537.36",Mobile,chrome
"Mozilla/5.0 (Linux; Android 10; SM-G960F) AppleWebKit/537.36 (KHTML, like Gecko) Chrome/86.0.4240.110 Mobile Safari/537.36",Mobile,chrome
"Mozilla/5.0 (Linux; Android 10; M2003J15SC) AppleWebKit/537.36 (KHTML, like Gecko) Chrome/88.0.4324.181 Mobile Safari/537.36",Mobile,chrome
"Mozilla/5.0 (Linux; Android 10; SM-G960F) AppleWebKit/537.36 (KHTML, like Gecko) Chrome/88.0.4324.152 Mobile Safari/537.36",Mobile,chrome
"Mozilla/5.0 (Linux; Android 10; SM-G970F) AppleWebKit/537.36 (KHTML, like Gecko) Chrome/87.0.4280.101 Mobile Safari/537.36",Mobile,chrome
"Mozilla/5.0 (Linux; Android 8.0.0; SAMSUNG SM-A520F) AppleWebKit/537.36 (KHTML, like Gecko) SamsungBrowser/13.2 Chrome/83.0.4103.106 Mobile Safari/537.36",Mobile,samsung
"Mozilla/5.0 (Linux; Android 9; SM-G950F) AppleWebKit/537.36 (KHTML, like Gecko) Chrome/87.0.4280.141 Mobile Safari/537.36",Mobile,chrome
"Mozilla/5.0 (Linux; Android 10; RMX2001) AppleWebKit/537.36 (KHTML, like Gecko) Chrome/80.0.3987.99 Mobile Safari/537.36",Mobile,chrome
"Mozilla/5.0 (Linux; Android 10; VOG-L29) AppleWebKit/537.36 (KHTML, like Gecko) Chrome/89.0.4389.105 Mobile Safari/537.36",Mobile,chrome
"Mozilla/5.0 (Linux; Android 10; SAMSUNG SM-A217F) AppleWebKit/537.36 (KHTML, like Gecko) SamsungBrowser/13.0 Chrome/83.0.4103.106 Mobile Safari/537.36",Mobile,samsung
"Mozilla/5.0 (Linux; Android 10; SM-A515F) AppleWebKit/537.36 (KHTML, like Gecko) Chrome/87.0.4280.141 Mobile Safari/537.36",Mobile,chrome
"Mozilla/5.0 (Linux; Android 11; SM-A515F) AppleWebKit/537.36 (KHTML, like Gecko) Chrome/89.0.4389.105 Mobile Safari/537.36",Mobile,chrome
"Mozilla/5.0 (Linux; Android 10; SM-G960U) AppleWebKit/537.36 (KHTML, like Gecko) Chrome/86.0.4240.198 Mobile Safari/537.36",Mobile,chrome
"Mozilla/5.0 (Linux; Android 11; SAMSUNG SM-G975F) AppleWebKit/537.36 (KHTML, like Gecko) SamsungBrowser/13.2 Chrome/83.0.4103.106 Mobile Safari/537.36",Mobile,samsung
"Mozilla/5.0 (Linux; Android 10; SAMSUNG SM-A105FN) AppleWebKit/537.36 (KHTML, like Gecko) SamsungBrowser/13.0 Chrome/83.0.4103.106 Mobile Safari/537.36",Mobile,samsung
"Mozilla/5.0 (Linux; Android 10; SAMSUNG SM-A505FN) AppleWebKit/537.36 (KHTML, like Gecko) SamsungBrowser/12.1 Chrome/79.0.3945.136 Mobile Safari/537.36",Mobile,samsung
"Mozilla/5.0 (Linux; Android 10; SAMSUNG SM-G960U) AppleWebKit/537.36 (KHTML, like Gecko) SamsungBrowser/12.1 Chrome/79.0.3945.136 Mobile Safari/537.36",Mobile,samsung
"Mozilla/5.0 (Linux; Android 10; SM-G960U) AppleWebKit/537.36 (KHTML, like Gecko) Chrome/88.0.4324.93 Mobile Safari/537.36",Mobile,chrome
"Mozilla/5.0 (Linux; Android 11; SAMSUNG SM-G980F) AppleWebKit/537.36 (KHTML, like Gecko) SamsungBrowser/13.2 Chrome/83.0.4103.106 Mobile Safari/537.36",Mobile,samsung
"Mozilla/5.0 (Linux; Android 10; SM-A705FN) AppleWebKit/537.36 (KHTML, like Gecko) Chrome/87.0.4280.101 Mobile Safari/537.36",Mobile,chrome
"Mozilla/5.0 (Linux; Android 9; SM-G950F) AppleWebKit/537.36 (KHTML, like Gecko) Chrome/81.0.4044.138 Mobile Safari/537.36",Mobile,chrome
"Mozilla/5.0 (Linux; Android 10; SAMSUNG SM-G970F) AppleWebKit/537.36 (KHTML, like Gecko) SamsungBrowser/13.0 Chrome/83.0.4103.106 Mobile Safari/537.36",Mobile,samsung
"Mozilla/5.0 (Linux; Android 10; SM-A405FN) AppleWebKit/537.36 (KHTML, like Gecko) Chrome/86.0.4240.198 Mobile Safari/537.36",Mobile,chrome
"Mozilla/5.0 (Linux; Android 10; Redmi Note 9 Pro) AppleWebKit/537.36 (KHTML, like Gecko) Chrome/89.0.4389.86 Mobile Safari/537.36",Mobile,chrome
"Mozilla/5.0 (Linux; Android 10; SAMSUNG SM-A202F) AppleWebKit/537.36 (KHTML, like Gecko) SamsungBrowser/12.1 Chrome/79.0.3945.136 Mobile Safari/537.36",Mobile,samsung
"Mozilla/5.0 (Linux; Android 9; SAMSUNG SM-G955U) AppleWebKit/537.36 (KHTML, like Gecko) SamsungBrowser/11.1 Chrome/75.0.3770.143 Mobile Safari/537.36",Mobile,samsung
"Mozilla/5.0 (Linux; Android 10; SM-G970U) AppleWebKit/537.36 (KHTML, like Gecko) Chrome/87.0.4280.101 Mobile Safari/537.36",Mobile,chrome
"Mozilla/5.0 (Linux; Android 10; SM-A505FN) AppleWebKit/537.36 (KHTML, like Gecko) Chrome/86.0.4240.198 Mobile Safari/537.36",Mobile,chrome
"Mozilla/5.0 (Linux; Android 10; SM-G960U) AppleWebKit/537.36 (KHTML, like Gecko) Chrome/83.0.4103.106 Mobile Safari/537.36",Mobile,chrome
"Mozilla/5.0 (Linux; Android 10; SM-A202F) AppleWebKit/537.36 (KHTML, like Gecko) Chrome/88.0.4324.181 Mobile Safari/537.36",Mobile,chrome
"Mozilla/5.0 (Linux; Android 10) AppleWebKit/537.36 (KHTML, like Gecko) Chrome/88.0.4324.152 Mobile Safari/537.36",Mobile,chrome
"Mozilla/5.0 (Linux; Android 10; SAMSUNG SM-G981B) AppleWebKit/537.36 (KHTML, like Gecko) SamsungBrowser/12.1 Chrome/79.0.3945.136 Mobile Safari/537.36",Mobile,samsung
"Mozilla/5.0 (Linux; Android 11; SM-G973F) AppleWebKit/537.36 (KHTML, like Gecko) Chrome/89.0.4389.105 Mobile Safari/537.36",Mobile,chrome
"Mozilla/5.0 (Linux; Android 8.0.0; SM-G930F) AppleWebKit/537.36 (KHTML, like Gecko) Chrome/87.0.4280.101 Mobile Safari/537.36",Mobile,chrome
"Mozilla/5.0 (Linux; Android 9; Redmi Note 7 Pro) AppleWebKit/537.36 (KHTML, like Gecko) Chrome/80.0.3987.99 Mobile Safari/537.36",Mobile,chrome
"Mozilla/5.0 (Linux; Android 9; Redmi Note 8) AppleWebKit/537.36 (KHTML, like Gecko) Chrome/83.0.4103.106 Mobile Safari/537.36",Mobile,chrome
"Mozilla/5.0 (Linux; Android 9; SM-G950F) AppleWebKit/537.36 (KHTML, like Gecko) Chrome/89.0.4389.86 Mobile Safari/537.36",Mobile,chrome
"Mozilla/5.0 (Linux; Android 8.0.0; SM-G930F) AppleWebKit/537.36 (KHTML, like Gecko) Chrome/88.0.4324.181 Mobile Safari/537.36",Mobile,chrome
"Mozilla/5.0 (Linux; Android 9; vivo 1904) AppleWebKit/537.36 (KHTML, like Gecko) Chrome/74.0.3729.136 Mobile Safari/537.36",Mobile,chrome
"Mozilla/5.0 (Linux; Android 10; Redmi Note 7) AppleWebKit/537.36 (KHTML, like Gecko) Chrome/89.0.4389.105 Mobile Safari/537.36",Mobile,chrome
"Mozilla/5.0 (Linux; Android 10; SM-N975U) AppleWebKit/537.36 (KHTML, like Gecko) Chrome/87.0.4280.101 Mobile Safari/537.36",Mobile,chrome
"Mozilla/5.0 (Linux; Android 10; SAMSUNG SM-A415F) AppleWebKit/537.36 (KHTML, like Gecko) SamsungBrowser/13.2 Chrome/83.0.4103.106 Mobile Safari/537.36",Mobile,samsung
"Mozilla/5.0 (Linux; Android 10; SM-A202F) AppleWebKit/537.36 (KHTML, like Gecko) Chrome/86.0.4240.198 Mobile Safari/537.36",Mobile,chrome
"Mozilla/5.0 (Linux; Android 10; SM-G960U) AppleWebKit/537.36 (KHTML, like Gecko) Chrome/81.0.4044.138 Mobile Safari/537.36",Mobile,chrome
"Mozilla/5.0 (Linux; Android 11; SM-G975F) AppleWebKit/537.36 (KHTML, like Gecko) Chrome/88.0.4324.181 Mobile Safari/537.36",Mobile,chrome
"Mozilla/5.0 (Linux; Android 10; SM-G973U) AppleWebKit/537.36 (KHTML, like Gecko) Chrome/85.0.4183.127 Mobile Safari/537.36",Mobile,chrome
"Mozilla/5.0 (Linux; Android 10; SM-A405FN) AppleWebKit/537.36 (KHTML, like Gecko) Chrome/89.0.4389.105 Mobile Safari/537.36",Mobile,chrome
"Mozilla/5.0 (Linux; Android 8.0.0; SAMSUNG SM-G930F) AppleWebKit/537.36 (KHTML, like Gecko) SamsungBrowser/13.0 Chrome/83.0.4103.106 Mobile Safari/537.36",Mobile,samsung
"Mozilla/5.0 (Linux; Android 10; SM-A217F) AppleWebKit/537.36 (KHTML, like Gecko) Chrome/87.0.4280.101 Mobile Safari/537.36",Mobile,chrome
"Mozilla/5.0 (Linux; Android 9; SM-G950F) AppleWebKit/537.36 (KHTML, like Gecko) Chrome/86.0.4240.110 Mobile Safari/537.36",Mobile,chrome
Mozilla/5.0 (Mobile; LYF/F120B/LYF-F120B-001-02-34-170919;Android; rv:48.0) Gecko/48.0 Firefox/48.0 KAIOS/2.5,Mobile,firefox
"Mozilla/5.0 (Linux; Android 10; MAR-LX1A) AppleWebKit/537.36 (KHTML, like Gecko) Chrome/89.0.4389.86 Mobile Safari/537.36",Mobile,chrome
"Mozilla/5.0 (Linux; Android 10; SM-A202F) AppleWebKit/537.36 (KHTML, like Gecko) Chrome/89.0.4389.105 Mobile Safari/537.36",Mobile,chrome
"Mozilla/5.0 (Linux; Android 10; SM-A705FN) AppleWebKit/537.36 (KHTML, like Gecko) Chrome/86.0.4240.198 Mobile Safari/537.36",Mobile,chrome
"Mozilla/5.0 (Linux; Android 10; SM-G960U) AppleWebKit/537.36 (KHTML, like Gecko) Chrome/89.0.4389.105 Mobile Safari/537.36",Mobile,chrome
"Mozilla/5.0 (Linux; Android 10; SM-G965U) AppleWebKit/537.36 (KHTML, like Gecko) Chrome/87.0.4280.141 Mobile Safari/537.36",Mobile,chrome
"Mozilla/5.0 (Linux; Android 10; SAMSUNG SM-A405FN) AppleWebKit/537.36 (KHTML, like Gecko) SamsungBrowser/12.1 Chrome/79.0.3945.136 Mobile Safari/537.36",Mobile,samsung
Mozilla/5.0 (Android 10; Mobile; rv:68.0) Gecko/68.0 Firefox/68.0,Mobile,firefox
"Mozilla/5.0 (Linux; Android 10; Redmi Note 9 Pro Max) AppleWebKit/537.36 (KHTML, like Gecko) Chrome/83.0.4103.101 Mobile Safari/537.36",Mobile,chrome
"Mozilla/5.0 (Linux; Android 8.1.0; CPH1909 Build/O11019) AppleWebKit/537.36 (KHTML, like Gecko) Chrome/69.0.3497.100 Mobile Safari/537.36",Mobile,chrome
"Mozilla/5.0 (Linux; Android 10; SAMSUNG SM-G960U) AppleWebKit/537.36 (KHTML, like Gecko) SamsungBrowser/13.0 Chrome/83.0.4103.106 Mobile Safari/537.36",Mobile,samsung
"Mozilla/5.0 (Linux; Android 10; SM-G973F) AppleWebKit/537.36 (KHTML, like Gecko) Chrome/83.0.4103.106 Mobile Safari/537.36",Mobile,chrome
"Mozilla/5.0 (Linux; Android 10; SNE-LX1) AppleWebKit/537.36 (KHTML, like Gecko) Chrome/89.0.4389.105 Mobile Safari/537.36",Mobile,chrome
"Mozilla/5.0 (Linux; Android 10; SAMSUNG SM-G970F) AppleWebKit/537.36 (KHTML, like Gecko) SamsungBrowser/12.1 Chrome/79.0.3945.136 Mobile Safari/537.36",Mobile,samsung
"Mozilla/5.0 (Linux; Android 10; SM-A515F) AppleWebKit/537.36 (KHTML, like Gecko) Chrome/89.0.4389.86 Mobile Safari/537.36",Mobile,chrome
"Mozilla/5.0 (Linux; Android 11; SAMSUNG SM-G780F) AppleWebKit/537.36 (KHTML, like Gecko) SamsungBrowser/13.2 Chrome/83.0.4103.106 Mobile Safari/537.36",Mobile,samsung
"Mozilla/5.0 (Linux; Android 10; MAR-LX1A) AppleWebKit/537.36 (KHTML, like Gecko) Chrome/87.0.4280.141 Mobile Safari/537.36",Mobile,chrome
"Mozilla/5.0 (Linux; Android 10; SAMSUNG SM-A217F) AppleWebKit/537.36 (KHTML, like Gecko) SamsungBrowser/13.2 Chrome/83.0.4103.106 Mobile Safari/537.36",Mobile,samsung
"Mozilla/5.0 (Linux; Android 10; POT-LX1) AppleWebKit/537.36 (KHTML, like Gecko) Chrome/88.0.4324.181 Mobile Safari/537.36",Mobile,chrome
"Mozilla/5.0 (Linux; Android 10; SM-G960U) AppleWebKit/537.36 (KHTML, like Gecko) Chrome/85.0.4183.101 Mobile Safari/537.36",Mobile,chrome
"Mozilla/5.0 (Linux; Android 10; SM-G960U) AppleWebKit/537.36 (KHTML, like Gecko) Chrome/88.0.4324.152 Mobile Safari/537.36",Mobile,chrome
"Mozilla/5.0 (Linux; Android 11; SM-G973U) AppleWebKit/537.36 (KHTML, like Gecko) Chrome/89.0.4389.105 Mobile Safari/537.36",Mobile,chrome
"Mozilla/5.0 (Linux; Android 9; Redmi Note 8) AppleWebKit/537.36 (KHTML, like Gecko) Chrome/80.0.3987.99 Mobile Safari/537.36",Mobile,chrome
Mozilla/5.0 (Android 10; Mobile; rv:84.0) Gecko/84.0 Firefox/84.0,Mobile,firefox
"Mozilla/5.0 (Linux; Android 10; SAMSUNG SM-A105FN) AppleWebKit/537.36 (KHTML, like Gecko) SamsungBrowser/12.1 Chrome/79.0.3945.136 Mobile Safari/537.36",Mobile,samsung
"Mozilla/5.0 (Linux; Android 10; SM-A217F) AppleWebKit/537.36 (KHTML, like Gecko) Chrome/88.0.4324.181 Mobile Safari/537.36",Mobile,chrome
"Mozilla/5.0 (Linux; Android 10; SM-G960F) AppleWebKit/537.36 (KHTML, like Gecko) Chrome/89.0.4389.105 Mobile Safari/537.36",Mobile,chrome
"Mozilla/5.0 (Linux; Android 10; SM-G975F) AppleWebKit/537.36 (KHTML, like Gecko) Chrome/86.0.4240.185 Mobile Safari/537.36",Mobile,chrome
"Mozilla/5.0 (Linux; Android 11; SM-G975U) AppleWebKit/537.36 (KHTML, like Gecko) Chrome/88.0.4324.181 Mobile Safari/537.36",Mobile,chrome
"Mozilla/5.0 (Linux; Android 10; SM-N960U) AppleWebKit/537.36 (KHTML, like Gecko) Chrome/88.0.4324.93 Mobile Safari/537.36",Mobile,chrome
"Mozilla/5.0 (Linux; Android 10; SNE-LX1) AppleWebKit/537.36 (KHTML, like Gecko) Chrome/89.0.4389.86 Mobile Safari/537.36",Mobile,chrome
"Mozilla/5.0 (Linux; Android 11; SAMSUNG SM-G981B) AppleWebKit/537.36 (KHTML, like Gecko) SamsungBrowser/13.2 Chrome/83.0.4103.106 Mobile Safari/537.36",Mobile,samsung
"Mozilla/5.0 (Linux; Android 8.0.0; SM-A520F) AppleWebKit/537.36 (KHTML, like Gecko) Chrome/88.0.4324.181 Mobile Safari/537.36",Mobile,chrome
"Mozilla/5.0 (Linux; Android 10; SAMSUNG SM-G975F) AppleWebKit/537.36 (KHTML, like Gecko) SamsungBrowser/13.2 Chrome/83.0.4103.106 Mobile Safari/537.36",Mobile,samsung
"Mozilla/5.0 (Linux; Android 10; SM-A515F) AppleWebKit/537.36 (KHTML, like Gecko) Chrome/88.0.4324.152 Mobile Safari/537.36",Mobile,chrome
Mozilla/5.0 (Android 10; Mobile; rv:86.0) Gecko/86.0 Firefox/86.0,Mobile,firefox
"Mozilla/5.0 (Linux; Android 10; SM-A202F) AppleWebKit/537.36 (KHTML, like Gecko) Chrome/87.0.4280.101 Mobile Safari/537.36",Mobile,chrome
"Mozilla/5.0 (Linux; Android 10; Redmi Note 7) AppleWebKit/537.36 (KHTML, like Gecko) Chrome/88.0.4324.181 Mobile Safari/537.36",Mobile,chrome
"Mozilla/5.0 (Linux; Android 8.0.0; SAMSUNG SM-G930F) AppleWebKit/537.36 (KHTML, like Gecko) SamsungBrowser/12.1 Chrome/79.0.3945.136 Mobile Safari/537.36",Mobile,samsung
"Mozilla/5.0 (Linux; Android 8.0.0; SAMSUNG SM-G935F) AppleWebKit/537.36 (KHTML, like Gecko) SamsungBrowser/13.2 Chrome/83.0.4103.106 Mobile Safari/537.36",Mobile,samsung
"Mozilla/5.0 (Linux; Android 10; SAMSUNG SM-A405FN) AppleWebKit/537.36 (KHTML, like Gecko) SamsungBrowser/13.0 Chrome/83.0.4103.106 Mobile Safari/537.36",Mobile,samsung
"Mozilla/5.0 (Linux; Android 10; SAMSUNG SM-A705FN) AppleWebKit/537.36 (KHTML, like Gecko) SamsungBrowser/12.1 Chrome/79.0.3945.136 Mobile Safari/537.36",Mobile,samsung
"Mozilla/5.0 (Linux; Android 10; SM-G960F) AppleWebKit/537.36 (KHTML, like Gecko) Chrome/81.0.4044.138 Mobile Safari/537.36",Mobile,chrome
"Mozilla/5.0 (Linux; Android 11; SM-G973U) AppleWebKit/537.36 (KHTML, like Gecko) Chrome/88.0.4324.181 Mobile Safari/537.36",Mobile,chrome
"Mozilla/5.0 (Linux; Android 10; VOG-L29) AppleWebKit/537.36 (KHTML, like Gecko) Chrome/89.0.4389.86 Mobile Safari/537.36",Mobile,chrome
"Mozilla/5.0 (Linux; Android 9; SM-G950U) AppleWebKit/537.36 (KHTML, like Gecko) Chrome/85.0.4183.127 Mobile Safari/537.36",Mobile,chrome
"Mozilla/5.0 (Linux; Android 11; SAMSUNG SM-G970F) AppleWebKit/537.36 (KHTML, like Gecko) SamsungBrowser/13.2 Chrome/83.0.4103.106 Mobile Safari/537.36",Mobile,samsung
"Mozilla/5.0 (Linux; Android 8.0.0; RNE-L21) AppleWebKit/537.36 (KHTML, like Gecko) Chrome/88.0.4324.181 Mobile Safari/537.36",Mobile,chrome
"Mozilla/5.0 (Linux; Android 8.1.0; vivo 1820) AppleWebKit/537.36 (KHTML, like Gecko) Chrome/70.0.3538.110 Mobile Safari/537.36",Mobile,chrome
"Mozilla/5.0 (Linux; Android 10; Redmi Note 8T) AppleWebKit/537.36 (KHTML, like Gecko) Chrome/89.0.4389.105 Mobile Safari/537.36",Mobile,chrome
"Mozilla/5.0 (Linux; Android 10; SM-A505FN) AppleWebKit/537.36 (KHTML, like Gecko) Chrome/87.0.4280.101 Mobile Safari/537.36",Mobile,chrome
"Mozilla/5.0 (Linux; Android 10; SM-A715F) AppleWebKit/537.36 (KHTML, like Gecko) Chrome/86.0.4240.198 Mobile Safari/537.36",Mobile,chrome
"Mozilla/5.0 (Linux; Android 9; SM-G950U) AppleWebKit/537.36 (KHTML, like Gecko) Chrome/87.0.4280.141 Mobile Safari/537.36",Mobile,chrome
"Mozilla/5.0 (Linux; Android 10; M2003J15SC) AppleWebKit/537.36 (KHTML, like Gecko) Chrome/89.0.4389.86 Mobile Safari/537.36",Mobile,chrome
"Mozilla/5.0 (Linux; Android 10; SAMSUNG SM-A705FN) AppleWebKit/537.36 (KHTML, like Gecko) SamsungBrowser/13.0 Chrome/83.0.4103.106 Mobile Safari/537.36",Mobile,samsung
"Mozilla/5.0 (Linux; Android 10; SM-A105M) AppleWebKit/537.36 (KHTML, like Gecko) Chrome/83.0.4103.106 Mobile Safari/537.36",Mobile,chrome
"Mozilla/5.0 (Linux; Android 11; SM-A715F) AppleWebKit/537.36 (KHTML, like Gecko) Chrome/89.0.4389.105 Mobile Safari/537.36",Mobile,chrome
"Mozilla/5.0 (Linux; Android 10; M2004J19C) AppleWebKit/537.36 (KHTML, like Gecko) Chrome/88.0.4324.181 Mobile Safari/537.36",Mobile,chrome
"Mozilla/5.0 (Linux; Android 10; SM-G965U) AppleWebKit/537.36 (KHTML, like Gecko) Chrome/85.0.4183.127 Mobile Safari/537.36",Mobile,chrome
"Mozilla/5.0 (Linux; Android 10; SM-G965U) AppleWebKit/537.36 (KHTML, like Gecko) Chrome/88.0.4324.93 Mobile Safari/537.36",Mobile,chrome
"Mozilla/5.0 (Linux; Android 10; SM-G975U) AppleWebKit/537.36 (KHTML, like Gecko) Chrome/83.0.4103.106 Mobile Safari/537.36",Mobile,chrome
"Mozilla/5.0 (Linux; Android 9; SAMSUNG SM-G950U) AppleWebKit/537.36 (KHTML, like Gecko) SamsungBrowser/13.2 Chrome/83.0.4103.106 Mobile Safari/537.36",Mobile,samsung
"Mozilla/5.0 (Linux; Android 10; JNY-LX1; HMSCore 5.1.1.303) AppleWebKit/537.36 (KHTML, like Gecko) Chrome/83.0.4103.106 HuaweiBrowser/11.0.5.306 Mobile Safari/537.36",Mobile,chrome
"Mozilla/5.0 (Linux; Android 10; moto g(7) play) AppleWebKit/537.36 (KHTML, like Gecko) Chrome/83.0.4103.106 Mobile Safari/537.36",Mobile,chrome
"Mozilla/5.0 (Linux; Android 10; POT-LX1) AppleWebKit/537.36 (KHTML, like Gecko) Chrome/89.0.4389.105 Mobile Safari/537.36",Mobile,chrome
"Mozilla/5.0 (Linux; Android 10; RMX1851) AppleWebKit/537.36 (KHTML, like Gecko) Chrome/78.0.3904.96 Mobile Safari/537.36",Mobile,chrome
"Mozilla/5.0 (Linux; Android 10; SM-A217F) AppleWebKit/537.36 (KHTML, like Gecko) Chrome/80.0.3987.99 Mobile Safari/537.36",Mobile,chrome
"Mozilla/5.0 (Linux; Android 10; SM-A750FN) AppleWebKit/537.36 (KHTML, like Gecko) Chrome/88.0.4324.181 Mobile Safari/537.36",Mobile,chrome
"Mozilla/5.0 (Linux; Android 10; SM-G965U) AppleWebKit/537.36 (KHTML, like Gecko) Chrome/88.0.4324.181 Mobile Safari/537.36",Mobile,chrome
"Mozilla/5.0 (Linux; Android 10; SM-G970U) AppleWebKit/537.36 (KHTML, like Gecko) Chrome/87.0.4280.141 Mobile Safari/537.36",Mobile,chrome
"Mozilla/5.0 (Linux; Android 11; SM-G975U) AppleWebKit/537.36 (KHTML, like Gecko) Chrome/89.0.4389.105 Mobile Safari/537.36",Mobile,chrome
"Mozilla/5.0 (Linux; Android 10; SAMSUNG SM-N960U) AppleWebKit/537.36 (KHTML, like Gecko) SamsungBrowser/13.2 Chrome/83.0.4103.106 Mobile Safari/537.36",Mobile,samsung
"Mozilla/5.0 (Linux; Android 10; SM-A205U) AppleWebKit/537.36 (KHTML, like Gecko) Chrome/87.0.4280.101 Mobile Safari/537.36",Mobile,chrome
"Mozilla/5.0 (Linux; Android 9; SM-N950U) AppleWebKit/537.36 (KHTML, like Gecko) Chrome/87.0.4280.101 Mobile Safari/537.36",Mobile,chrome
Mozilla/5.0 (Android 10; Mobile; rv:85.0) Gecko/85.0 Firefox/85.0,Mobile,firefox
"Mozilla/5.0 (Linux; Android 10; POT-LX1) AppleWebKit/537.36 (KHTML, like Gecko) Chrome/86.0.4240.198 Mobile Safari/537.36",Mobile,chrome
"Mozilla/5.0 (Linux; Android 10; SM-G975U) AppleWebKit/537.36 (KHTML, like Gecko) Chrome/85.0.4183.127 Mobile Safari/537.36",Mobile,chrome
"Mozilla/5.0 (Linux; Android 10; SM-A505FN) AppleWebKit/537.36 (KHTML, like Gecko) Chrome/87.0.4280.141 Mobile Safari/537.36",Mobile,chrome
"Mozilla/5.0 (Linux; Android 10; SM-G960F) AppleWebKit/537.36 (KHTML, like Gecko) Chrome/85.0.4183.81 Mobile Safari/537.36",Mobile,chrome
"Mozilla/5.0 (Linux; Android 10; SM-G973U) AppleWebKit/537.36 (KHTML, like Gecko) Chrome/86.0.4240.198 Mobile Safari/537.36",Mobile,chrome
"Mozilla/5.0 (Linux; Android 9; SM-G955U) AppleWebKit/537.36 (KHTML, like Gecko) Chrome/87.0.4280.101 Mobile Safari/537.36",Mobile,chrome
"Mozilla/5.0 (Linux; Android 10; SM-A405FN) AppleWebKit/537.36 (KHTML, like Gecko) Chrome/89.0.4389.86 Mobile Safari/537.36",Mobile,chrome
"Mozilla/5.0 (Linux; Android 9; vivo 1906) AppleWebKit/537.36 (KHTML, like Gecko) Chrome/74.0.3729.136 Mobile Safari/537.36",Mobile,chrome
"Mozilla/5.0 (Linux; U; Android 7.0; ru-ru; Redmi Note 4 Build/NRD90M) AppleWebKit/537.36 (KHTML, like Gecko) Version/4.0 Chrome/61.0.3163.128 Mobile Safari/537.36 XiaoMi/MiuiBrowser/10.7.2-g",Mobile,miui
"Mozilla/5.0 (Linux; Android 10; SM-A515F) AppleWebKit/537.36 (KHTML, like Gecko) Chrome/88.0.4324.93 Mobile Safari/537.36",Mobile,chrome
"Mozilla/5.0 (Linux; Android 11; SAMSUNG SM-A515F) AppleWebKit/537.36 (KHTML, like Gecko) SamsungBrowser/13.2 Chrome/83.0.4103.106 Mobile Safari/537.36",Mobile,samsung
"Mozilla/5.0 (Linux; Android 9; ANE-LX1) AppleWebKit/537.36 (KHTML, like Gecko) Chrome/86.0.4240.198 Mobile Safari/537.36",Mobile,chrome
"Mozilla/5.0 (Linux; Android 9; RMX1941) AppleWebKit/537.36 (KHTML, like Gecko) Chrome/71.0.3578.99 Mobile Safari/537.36",Mobile,chrome
"Mozilla/5.0 (Linux; Android 10; HD1901) AppleWebKit/537.36 (KHTML, like Gecko) Chrome/85.0.4183.101 Mobile Safari/537.36",Mobile,chrome
"Mozilla/5.0 (Linux; Android 10; SAMSUNG SM-A505FN) AppleWebKit/537.36 (KHTML, like Gecko) SamsungBrowser/13.0 Chrome/83.0.4103.106 Mobile Safari/537.36",Mobile,samsung
"Mozilla/5.0 (Linux; Android 10; SM-G973F) AppleWebKit/537.36 (KHTML, like Gecko) Chrome/88.0.4324.93 Mobile Safari/537.36",Mobile,chrome
"Mozilla/5.0 (Linux; Android 10; SM-N960U) AppleWebKit/537.36 (KHTML, like Gecko) Chrome/83.0.4103.106 Mobile Safari/537.36",Mobile,chrome
"Mozilla/5.0 (Linux; Android 8.0.0; SM-G935F) AppleWebKit/537.36 (KHTML, like Gecko) Chrome/88.0.4324.181 Mobile Safari/537.36",Mobile,chrome
"Mozilla/5.0 (Linux; Android 10; HD1901) AppleWebKit/537.36 (KHTML, like Gecko) Chrome/87.0.4280.101 Mobile Safari/537.36",Mobile,chrome
"Mozilla/5.0 (Linux; Android 10; POCO X2) AppleWebKit/537.36 (KHTML, like Gecko) Chrome/83.0.4103.101 Mobile Safari/537.36",Mobile,chrome
"Mozilla/5.0 (Linux; Android 10; Redmi Note 8 Pro) AppleWebKit/537.36 (KHTML, like Gecko) Chrome/87.0.4280.141 Mobile Safari/537.36",Mobile,chrome
"Mozilla/5.0 (Linux; Android 10; SM-G973F) AppleWebKit/537.36 (KHTML, like Gecko) Chrome/88.0.4324.152 Mobile Safari/537.36",Mobile,chrome
"Mozilla/5.0 (Linux; Android 10; SM-N960U) AppleWebKit/537.36 (KHTML, like Gecko) Chrome/88.0.4324.181 Mobile Safari/537.36",Mobile,chrome
"Mozilla/5.0 (Linux; Android 10; SM-N960U) AppleWebKit/537.36 (KHTML, like Gecko) Chrome/89.0.4389.105 Mobile Safari/537.36",Mobile,chrome
"Mozilla/5.0 (Linux; Android 10; SM-N975U) AppleWebKit/537.36 (KHTML, like Gecko) Chrome/87.0.4280.141 Mobile Safari/537.36",Mobile,chrome
"Mozilla/5.0 (Linux; Android 9; SM-G950F) AppleWebKit/537.36 (KHTML, like Gecko) Chrome/74.0.3729.157 Mobile Safari/537.36",Mobile,chrome
"Mozilla/5.0 (Linux; Android 10; SM-G973U) AppleWebKit/537.36 (KHTML, like Gecko) Chrome/83.0.4103.106 Mobile Safari/537.36",Mobile,chrome
"Mozilla/5.0 (Linux; Android 9; SM-G955F) AppleWebKit/537.36 (KHTML, like Gecko) Chrome/88.0.4324.181 Mobile Safari/537.36",Mobile,chrome
"Mozilla/5.0 (Linux; Android 9; SM-J810M) AppleWebKit/537.36 (KHTML, like Gecko) Chrome/83.0.4103.106 Mobile Safari/537.36",Mobile,chrome
"Mozilla/5.0 (Linux; Android 10; moto g(7) power) AppleWebKit/537.36 (KHTML, like Gecko) Chrome/87.0.4280.101 Mobile Safari/537.36",Mobile,chrome
"Mozilla/5.0 (Linux; Android 8.0.0; RNE-L21) AppleWebKit/537.36 (KHTML, like Gecko) Chrome/89.0.4389.105 Mobile Safari/537.36",Mobile,chrome
"Mozilla/5.0 (Linux; Android 9; Redmi Note 5 Pro) AppleWebKit/537.36 (KHTML, like Gecko) Chrome/87.0.4280.101 Mobile Safari/537.36",Mobile,chrome
"Mozilla/5.0 (Linux; Android 10; LM-Q730) AppleWebKit/537.36 (KHTML, like Gecko) Chrome/80.0.3987.99 Mobile Safari/537.36",Mobile,chrome
"Mozilla/5.0 (Linux; Android 10; Redmi Note 8T) AppleWebKit/537.36 (KHTML, like Gecko) Chrome/88.0.4324.181 Mobile Safari/537.36",Mobile,chrome
"Mozilla/5.0 (Linux; Android 10; SAMSUNG SM-A217F) AppleWebKit/537.36 (KHTML, like Gecko) SamsungBrowser/12.1 Chrome/79.0.3945.136 Mobile Safari/537.36",Mobile,samsung
"Mozilla/5.0 (Linux; Android 10; SAMSUNG SM-G965F) AppleWebKit/537.36 (KHTML, like Gecko) SamsungBrowser/13.0 Chrome/83.0.4103.106 Mobile Safari/537.36",Mobile,samsung
"Mozilla/5.0 (Linux; Android 10; SM-A515F) AppleWebKit/537.36 (KHTML, like Gecko) Chrome/86.0.4240.185 Mobile Safari/537.36",Mobile,chrome
"Mozilla/5.0 (Linux; Android 10; SM-G960F) AppleWebKit/537.36 (KHTML, like Gecko) Chrome/83.0.4103.106 Mobile Safari/537.36",Mobile,chrome
"Mozilla/5.0 (Linux; Android 10; SM-G975F) AppleWebKit/537.36 (KHTML, like Gecko) Chrome/83.0.4103.106 Mobile Safari/537.36",Mobile,chrome
"Mozilla/5.0 (Linux; Android 10; SM-G975F) AppleWebKit/537.36 (KHTML, like Gecko) Chrome/87.0.4280.141 Mobile Safari/537.36",Mobile,chrome
"Mozilla/5.0 (Linux; Android 8.0.0; SAMSUNG SM-G935F) AppleWebKit/537.36 (KHTML, like Gecko) SamsungBrowser/12.1 Chrome/79.0.3945.136 Mobile Safari/537.36",Mobile,samsung
"Mozilla/5.0 (Linux; Android 8.0.0; SM-G930F) AppleWebKit/537.36 (KHTML, like Gecko) Chrome/86.0.4240.198 Mobile Safari/537.36",Mobile,chrome
"Mozilla/5.0 (Linux; Android 9; vivo 1901) AppleWebKit/537.36 (KHTML, like Gecko) Chrome/74.0.3729.136 Mobile Safari/537.36",Mobile,chrome
"Mozilla/5.0 (Linux; Android 10; SM-G965U) AppleWebKit/537.36 (KHTML, like Gecko) Chrome/88.0.4324.152 Mobile Safari/537.36",Mobile,chrome
"Mozilla/5.0 (Linux; Android 10; SM-G973F) AppleWebKit/537.36 (KHTML, like Gecko) Chrome/85.0.4183.81 Mobile Safari/537.36",Mobile,chrome
"Mozilla/5.0 (Linux; Android 10; SM-G975U) AppleWebKit/537.36 (KHTML, like Gecko) Chrome/86.0.4240.198 Mobile Safari/537.36",Mobile,chrome
"Mozilla/5.0 (Linux; Android 9; MAR-LX1H) AppleWebKit/537.36 (KHTML, like Gecko) Chrome/81.0.4044.138 Mobile Safari/537.36",Mobile,chrome
"Mozilla/5.0 (Linux; Android 10; SM-G973U) AppleWebKit/537.36 (KHTML, like Gecko) Chrome/88.0.4324.93 Mobile Safari/537.36",Mobile,chrome
"Mozilla/5.0 (Linux; Android 8.1.0; Moto G (5)) AppleWebKit/537.36 (KHTML, like Gecko) Chrome/83.0.4103.106 Mobile Safari/537.36",Mobile,chrome
"Mozilla/5.0 (Linux; Android 10; SM-G965F) AppleWebKit/537.36 (KHTML, like Gecko) Chrome/87.0.4280.101 Mobile Safari/537.36",Mobile,chrome
"Mozilla/5.0 (Linux; Android 9; Redmi Note 5 Pro) AppleWebKit/537.36 (KHTML, like Gecko) Chrome/86.0.4240.198 Mobile Safari/537.36",Mobile,chrome
"Mozilla/5.0 (Linux; Android 9; SAMSUNG SM-G955U) AppleWebKit/537.36 (KHTML, like Gecko) SamsungBrowser/13.2 Chrome/83.0.4103.106 Mobile Safari/537.36",Mobile,samsung
"Mozilla/5.0 (Linux; U; Android 8.1.0; ru-ru; Redmi Note 5 Build/OPM1.171019.011) AppleWebKit/537.36 (KHTML, like Gecko) Version/4.0 Chrome/61.0.3163.128 Mobile Safari/537.36 XiaoMi/MiuiBrowser/10.7.2-g",Mobile,miui
"Mozilla/5.0 (Linux; Android 10; SAMSUNG SM-G965F) AppleWebKit/537.36 (KHTML, like Gecko) SamsungBrowser/12.1 Chrome/79.0.3945.136 Mobile Safari/537.36",Mobile,samsung
"Mozilla/5.0 (Linux; Android 10; SM-G965U) AppleWebKit/537.36 (KHTML, like Gecko) Chrome/85.0.4183.101 Mobile Safari/537.36",Mobile,chrome
"Mozilla/5.0 (Linux; Android 10; SM-G965U) AppleWebKit/537.36 (KHTML, like Gecko) Chrome/86.0.4240.198 Mobile Safari/537.36",Mobile,chrome
"Mozilla/5.0 (Linux; Android 10; SM-N960U) AppleWebKit/537.36 (KHTML, like Gecko) Chrome/85.0.4183.127 Mobile Safari/537.36",Mobile,chrome
"Mozilla/5.0 (Linux; Android 6.0.1; SM-J500M) AppleWebKit/537.36 (KHTML, like Gecko) Chrome/83.0.4103.106 Mobile Safari/537.36",Mobile,chrome
"Mozilla/5.0 (Linux; Android 8.0.0; SM-G965U) AppleWebKit/537.36 (KHTML, like Gecko) Chrome/76.0.3809.132 Mobile Safari/537.36",Mobile,chrome
"Mozilla/5.0 (Linux; Android 8.1.0; Moto G (5S) Plus) AppleWebKit/537.36 (KHTML, like Gecko) Chrome/83.0.4103.106 Mobile Safari/537.36",Mobile,chrome
"Mozilla/5.0 (Linux; Android 10; moto g(7) play) AppleWebKit/537.36 (KHTML, like Gecko) Chrome/85.0.4183.127 Mobile Safari/537.36",Mobile,chrome
"Mozilla/5.0 (Linux; Android 10; SM-G970F) AppleWebKit/537.36 (KHTML, like Gecko) Chrome/86.0.4240.198 Mobile Safari/537.36",Mobile,chrome
"Mozilla/5.0 (Linux; Android 11; SAMSUNG SM-G986B) AppleWebKit/537.36 (KHTML, like Gecko) SamsungBrowser/13.2 Chrome/83.0.4103.106 Mobile Safari/537.36",Mobile,samsung
"Mozilla/5.0 (Linux; Android 8.0.0; SAMSUNG SM-A520F) AppleWebKit/537.36 (KHTML, like Gecko) SamsungBrowser/12.1 Chrome/79.0.3945.136 Mobile Safari/537.36",Mobile,samsung
"Mozilla/5.0 (Linux; Android 10; ELE-L29) AppleWebKit/537.36 (KHTML, like Gecko) Chrome/88.0.4324.181 Mobile Safari/537.36",Mobile,chrome
"Mozilla/5.0 (Linux; Android 10; Mi A3) AppleWebKit/537.36 (KHTML, like Gecko) Chrome/81.0.4044.138 Mobile Safari/537.36",Mobile,chrome
"Mozilla/5.0 (Linux; Android 10; motorola one) AppleWebKit/537.36 (KHTML, like Gecko) Chrome/83.0.4103.106 Mobile Safari/537.36",Mobile,chrome
"Mozilla/5.0 (Linux; Android 10; Redmi Note 8T) AppleWebKit/537.36 (KHTML, like Gecko) Chrome/89.0.4389.86 Mobile Safari/537.36",Mobile,chrome
"Mozilla/5.0 (Linux; Android 10; SM-A217F) AppleWebKit/537.36 (KHTML, like Gecko) Chrome/87.0.4280.141 Mobile Safari/537.36",Mobile,chrome
"Mozilla/5.0 (Linux; Android 8.0.0; SM-G935F) AppleWebKit/537.36 (KHTML, like Gecko) Chrome/87.0.4280.101 Mobile Safari/537.36",Mobile,chrome
"Mozilla/5.0 (Linux; Android 9; SM-A105F) AppleWebKit/537.36 (KHTML, like Gecko) Chrome/74.0.3729.136 Mobile Safari/537.36",Mobile,chrome
"Mozilla/5.0 (Linux; Android 9; SM-G950U) AppleWebKit/537.36 (KHTML, like Gecko) Chrome/74.0.3729.136 Mobile Safari/537.36",Mobile,chrome
"Mozilla/5.0 (Linux; Android 9; SM-G950U) AppleWebKit/537.36 (KHTML, like Gecko) Chrome/88.0.4324.181 Mobile Safari/537.36",Mobile,chrome
"Mozilla/5.0 (Linux; Android 10; MAR-LX1A) AppleWebKit/537.36 (KHTML, like Gecko) Chrome/86.0.4240.185 Mobile Safari/537.36",Mobile,chrome
"Mozilla/5.0 (Linux; Android 10; ONEPLUS A6000) AppleWebKit/537.36 (KHTML, like Gecko) Chrome/81.0.4044.138 Mobile Safari/537.36",Mobile,chrome
"Mozilla/5.0 (Linux; Android 10; SM-A705FN) AppleWebKit/537.36 (KHTML, like Gecko) Chrome/87.0.4280.141 Mobile Safari/537.36",Mobile,chrome
"Mozilla/5.0 (Linux; Android 10; SM-A705FN) AppleWebKit/537.36 (KHTML, like Gecko) Chrome/89.0.4389.105 Mobile Safari/537.36",Mobile,chrome
"Mozilla/5.0 (Linux; Android 10; SM-G975F) AppleWebKit/537.36 (KHTML, like Gecko) Chrome/86.0.4240.110 Mobile Safari/537.36",Mobile,chrome
"Mozilla/5.0 (Linux; Android 9; ANE-LX1) AppleWebKit/537.36 (KHTML, like Gecko) Chrome/87.0.4280.101 Mobile Safari/537.36",Mobile,chrome
"Mozilla/5.0 (Linux; Android 9; Redmi Note 8 Pro) AppleWebKit/537.36 (KHTML, like Gecko) Chrome/77.0.3865.92 Mobile Safari/537.36",Mobile,chrome
Mozilla/5.0 (Android 9; Mobile; rv:68.0) Gecko/68.0 Firefox/68.0,Mobile,firefox
"Mozilla/5.0 (Linux; Android 10; GM1901) AppleWebKit/537.36 (KHTML, like Gecko) Chrome/85.0.4183.101 Mobile Safari/537.36",Mobile,chrome
"Mozilla/5.0 (Linux; Android 10; M2004J19C) AppleWebKit/537.36 (KHTML, like Gecko) Chrome/89.0.4389.105 Mobile Safari/537.36",Mobile,chrome
"Mozilla/5.0 (Linux; Android 10; ONEPLUS A6000) AppleWebKit/537.36 (KHTML, like Gecko) Chrome/87.0.4280.101 Mobile Safari/537.36",Mobile,chrome
"Mozilla/5.0 (Linux; Android 10; SM-A205G) AppleWebKit/537.36 (KHTML, like Gecko) Chrome/83.0.4103.106 Mobile Safari/537.36",Mobile,chrome
"Mozilla/5.0 (Linux; Android 10; VOG-L29) AppleWebKit/537.36 (KHTML, like Gecko) Chrome/87.0.4280.101 Mobile Safari/537.36",Mobile,chrome
"Mozilla/5.0 (Linux; Android 9; SM-A205U) AppleWebKit/537.36 (KHTML, like Gecko) Chrome/74.0.3729.136 Mobile Safari/537.36",Mobile,chrome
"Mozilla/5.0 (Linux; Android 10; SM-A715F) AppleWebKit/537.36 (KHTML, like Gecko) Chrome/87.0.4280.141 Mobile Safari/537.36",Mobile,chrome
"Mozilla/5.0 (Linux; Android 10; SM-G965U) AppleWebKit/537.36 (KHTML, like Gecko) Chrome/83.0.4103.106 Mobile Safari/537.36",Mobile,chrome
"Mozilla/5.0 (Linux; Android 10; SM-G975U) AppleWebKit/537.36 (KHTML, like Gecko) Chrome/81.0.4044.138 Mobile Safari/537.36",Mobile,chrome
"Mozilla/5.0 (Linux; Android 8.0.0; SM-G930F) AppleWebKit/537.36 (KHTML, like Gecko) Chrome/83.0.4103.106 Mobile Safari/537.36",Mobile,chrome
"Mozilla/5.0 (Linux; Android 10; SM-A115U) AppleWebKit/537.36 (KHTML, like Gecko) Chrome/80.0.3987.99 Mobile Safari/537.36",Mobile,chrome
"Mozilla/5.0 (Linux; Android 10; SM-A405FN) AppleWebKit/537.36 (KHTML, like Gecko) Chrome/87.0.4280.141 Mobile Safari/537.36",Mobile,chrome
"Mozilla/5.0 (Linux; Android 10; SM-G965F) AppleWebKit/537.36 (KHTML, like Gecko) Chrome/86.0.4240.198 Mobile Safari/537.36",Mobile,chrome
"Mozilla/5.0 (Linux; Android 10; SM-G970U) AppleWebKit/537.36 (KHTML, like Gecko) Chrome/85.0.4183.127 Mobile Safari/537.36",Mobile,chrome
"Mozilla/5.0 (Linux; Android 10; SM-A505F) AppleWebKit/537.36 (KHTML, like Gecko) Chrome/83.0.4103.106 Mobile Safari/537.36",Mobile,chrome
"Mozilla/5.0 (Linux; Android 10; SM-G975F) AppleWebKit/537.36 (KHTML, like Gecko) Chrome/88.0.4324.181 Mobile Safari/537.36",Mobile,chrome
"Mozilla/5.0 (Linux; Android 8.0.0; SM-A520F) AppleWebKit/537.36 (KHTML, like Gecko) Chrome/86.0.4240.198 Mobile Safari/537.36",Mobile,chrome
"Mozilla/5.0 (Linux; Android 8.1.0; SM-J727P) AppleWebKit/537.36 (KHTML, like Gecko) Chrome/70.0.3538.110 Mobile Safari/537.36",Mobile,chrome
"Mozilla/5.0 (Linux; Android 9; ANE-LX1) AppleWebKit/537.36 (KHTML, like Gecko) Chrome/89.0.4389.86 Mobile Safari/537.36",Mobile,chrome
"Mozilla/5.0 (Linux; Android 9; SAMSUNG SM-G955F) AppleWebKit/537.36 (KHTML, like Gecko) SamsungBrowser/13.2 Chrome/83.0.4103.106 Mobile Safari/537.36",Mobile,samsung
"Mozilla/5.0 (Linux; Android 9; SM-G950U) AppleWebKit/537.36 (KHTML, like Gecko) Chrome/88.0.4324.152 Mobile Safari/537.36",Mobile,chrome
"Mozilla/5.0 (Linux; Android 10; POT-LX1) AppleWebKit/537.36 (KHTML, like Gecko) Chrome/87.0.4280.101 Mobile Safari/537.36",Mobile,chrome
"Mozilla/5.0 (Linux; Android 10; SM-A505FN) AppleWebKit/537.36 (KHTML, like Gecko) Chrome/88.0.4324.152 Mobile Safari/537.36",Mobile,chrome
"Mozilla/5.0 (Linux; Android 10; SM-G965U) AppleWebKit/537.36 (KHTML, like Gecko) Chrome/89.0.4389.105 Mobile Safari/537.36",Mobile,chrome
"Mozilla/5.0 (Linux; Android 8.1.0; Redmi 6A) AppleWebKit/537.36 (KHTML, like Gecko) Chrome/71.0.3578.99 Mobile Safari/537.36",Mobile,chrome
"Mozilla/5.0 (Linux; Android 9; 9029Z) AppleWebKit/537.36 (KHTML, like Gecko) Chrome/74.0.3729.136 Mobile Safari/537.36",Mobile,chrome
"Mozilla/5.0 (Linux; Android 10; SM-A305GT) AppleWebKit/537.36 (KHTML, like Gecko) Chrome/83.0.4103.106 Mobile Safari/537.36",Mobile,chrome
"Mozilla/5.0 (Linux; Android 10; SM-G973F) AppleWebKit/537.36 (KHTML, like Gecko) Chrome/88.0.4324.181 Mobile Safari/537.36",Mobile,chrome
"Mozilla/5.0 (Linux; Android 10; SNE-LX1) AppleWebKit/537.36 (KHTML, like Gecko) Chrome/86.0.4240.198 Mobile Safari/537.36",Mobile,chrome
"Mozilla/5.0 (Linux; Android 11; SM-G986U) AppleWebKit/537.36 (KHTML, like Gecko) Chrome/87.0.4280.101 Mobile Safari/537.36",Mobile,chrome
"Mozilla/5.0 (Linux; Android 8.1.0; SM-G610F) AppleWebKit/537.36 (KHTML, like Gecko) Chrome/70.0.3538.110 Mobile Safari/537.36",Mobile,chrome
"Mozilla/5.0 (Linux; Android 9; Redmi Y2) AppleWebKit/537.36 (KHTML, like Gecko) Chrome/80.0.3987.99 Mobile Safari/537.36",Mobile,chrome
"Mozilla/5.0 (Linux; Android 10; SAMSUNG SM-G980F) AppleWebKit/537.36 (KHTML, like Gecko) SamsungBrowser/12.1 Chrome/79.0.3945.136 Mobile Safari/537.36",Mobile,samsung
"Mozilla/5.0 (iPhone; CPU iPhone OS 14_4 like Mac OS X) AppleWebKit/605.1.15 (KHTML, like Gecko) Version/14.0.3 Mobile/15E148 Safari/604.1",Mobile,safari
"Mozilla/5.0 (iPhone; CPU iPhone OS 14_2 like Mac OS X) AppleWebKit/605.1.15 (KHTML, like Gecko) Version/14.0.1 Mobile/15E148 Safari/604.1",Mobile,safari
"Mozilla/5.0 (iPhone; CPU iPhone OS 14_3 like Mac OS X) AppleWebKit/605.1.15 (KHTML, like Gecko) Version/14.0.2 Mobile/15E148 Safari/604.1",Mobile,safari
"Mozilla/5.0 (iPhone; CPU iPhone OS 13_3_1 like Mac OS X) AppleWebKit/605.1.15 (KHTML, like Gecko) Version/13.0.5 Mobile/15E148 Safari/604.1",Mobile,safari
"Mozilla/5.0 (iPhone; CPU iPhone OS 14_1 like Mac OS X) AppleWebKit/605.1.15 (KHTML, like Gecko) Version/14.0 Mobile/15E148 Safari/604.1",Mobile,safari
"Mozilla/5.0 (iPhone; CPU iPhone OS 13_5_1 like Mac OS X) AppleWebKit/605.1.15 (KHTML, like Gecko) Version/13.1.1 Mobile/15E148 Safari/604.1",Mobile,safari
"Mozilla/5.0 (iPhone; CPU iPhone OS 14_4_1 like Mac OS X) AppleWebKit/605.1.15 (KHTML, like Gecko) Version/14.0.3 Mobile/15E148 Safari/604.1",Mobile,safari
"Mozilla/5.0 (iPhone; CPU iPhone OS 13_7 like Mac OS X) AppleWebKit/605.1.15 (KHTML, like Gecko) Version/13.1.2 Mobile/15E148 Safari/604.1",Mobile,safari
"Mozilla/5.0 (iPhone; CPU iPhone OS 14_0_1 like Mac OS X) AppleWebKit/605.1.15 (KHTML, like Gecko) Version/14.0 Mobile/15E148 Safari/604.1",Mobile,safari
"Mozilla/5.0 (iPhone; CPU iPhone OS 13_4_1 like Mac OS X) AppleWebKit/605.1.15 (KHTML, like Gecko) Version/13.1 Mobile/15E148 Safari/604.1",Mobile,safari
"Mozilla/5.0 (iPhone; CPU iPhone OS 14_4 like Mac OS X) AppleWebKit/605.1.15 (KHTML, like Gecko) CriOS/87.0.4280.77 Mobile/15E148 Safari/604.1",Mobile,chrome
"Mozilla/5.0 (iPhone; CPU iPhone OS 13_6_1 like Mac OS X) AppleWebKit/605.1.15 (KHTML, like Gecko) Version/13.1.2 Mobile/15E148 Safari/604.1",Mobile,safari
"Mozilla/5.0 (iPhone; CPU iPhone OS 14_4_2 like Mac OS X) AppleWebKit/605.1.15 (KHTML, like Gecko) Version/14.0.3 Mobile/15E148 Safari/604.1",Mobile,safari
"Mozilla/5.0 (iPhone; CPU iPhone OS 14_0 like Mac OS X) AppleWebKit/605.1.15 (KHTML, like Gecko) Version/14.0 Mobile/15E148 Safari/604.1",Mobile,safari
"Mozilla/5.0 (iPhone; CPU iPhone OS 13_3 like Mac OS X) AppleWebKit/605.1.15 (KHTML, like Gecko) Version/13.0.4 Mobile/15E148 Safari/604.1",Mobile,safari
"Mozilla/5.0 (iPhone; CPU iPhone OS 14_3 like Mac OS X) AppleWebKit/605.1.15 (KHTML, like Gecko) CriOS/87.0.4280.77 Mobile/15E148 Safari/604.1",Mobile,chrome
"Mozilla/5.0 (iPhone; CPU iPhone OS 14_2 like Mac OS X) AppleWebKit/605.1.15 (KHTML, like Gecko) CriOS/87.0.4280.77 Mobile/15E148 Safari/604.1",Mobile,chrome
"Mozilla/5.0 (iPhone; CPU iPhone OS 14_2_1 like Mac OS X) AppleWebKit/605.1.15 (KHTML, like Gecko) Version/14.0.1 Mobile/15E148 Safari/604.1",Mobile,safari
"Mozilla/5.0 (iPhone; CPU iPhone OS 13_6 like Mac OS X) AppleWebKit/605.1.15 (KHTML, like Gecko) Version/13.1.2 Mobile/15E148 Safari/604.1",Mobile,safari
"Mozilla/5.0 (iPhone; CPU iPhone OS 13_5 like Mac OS X) AppleWebKit/605.1.15 (KHTML, like Gecko) CriOS/83.0.4103.88 Mobile/15E148 Safari/604.1",Mobile,chrome
"Mozilla/5.0 (iPhone; CPU iPhone OS 14_1 like Mac OS X) AppleWebKit/605.1.15 (KHTML, like Gecko) CriOS/86.0.4240.93 Mobile/15E148 Safari/604.1",Mobile,chrome
"Mozilla/5.0 (iPhone; CPU iPhone OS 13_3 like Mac OS X) AppleWebKit/605.1.15 (KHTML, like Gecko) CriOS/80.0.3987.95 Mobile/15E148 Safari/604.1",Mobile,chrome
"Mozilla/5.0 (iPhone; CPU iPhone OS 14_2 like Mac OS X) AppleWebKit/605.1.15 (KHTML, like Gecko) CriOS/86.0.4240.93 Mobile/15E148 Safari/604.1",Mobile,chrome
Mozilla/5.0 (Macintosh; Intel Mac OS X 10.11; rv:78.0) Gecko/20100101 Firefox/78.0,Desktop,firefox
Mozilla/5.0 (Macintosh; Intel Mac OS X 10.15; rv:77.0) Gecko/20100101 Firefox/77.0,Desktop,firefox
Mozilla/5.0 (Macintosh; Intel Mac OS X 10.15; rv:78.0) Gecko/20100101 Firefox/78.0,Desktop,firefox
Mozilla/5.0 (Macintosh; Intel Mac OS X 10.15; rv:74.0) Gecko/20100101 Firefox/74.0,Desktop,firefox
Mozilla/5.0 (Macintosh; Intel Mac OS X 10.15; rv:76.0) Gecko/20100101 Firefox/76.0,Desktop,firefox
Mozilla/5.0 (Macintosh; Intel Mac OS X 10.15; rv:80.0) Gecko/20100101 Firefox/80.0,Desktop,firefox
Mozilla/5.0 (Macintosh; Intel Mac OS X 10.15; rv:81.0) Gecko/20100101 Firefox/81.0,Desktop,firefox
Mozilla/5.0 (Macintosh; Intel Mac OS X 10.15; rv:75.0) Gecko/20100101 Firefox/75.0,Desktop,firefox
Mozilla/5.0 (Macintosh; Intel Mac OS X 10.10; rv:78.0) Gecko/20100101 Firefox/78.0,Desktop,firefox
Mozilla/5.0 (Macintosh; Intel Mac OS X 10.14; rv:75.0) Gecko/20100101 Firefox/75.0,Desktop,firefox
Mozilla/5.0 (Macintosh; Intel Mac OS X 10.14; rv:77.0) Gecko/20100101 Firefox/77.0,Desktop,firefox
Mozilla/5.0 (Macintosh; Intel Mac OS X 10.14; rv:74.0) Gecko/20100101 Firefox/74.0,Desktop,firefox
Mozilla/5.0 (Macintosh; Intel Mac OS X 10.13; rv:74.0) Gecko/20100101 Firefox/74.0,Desktop,firefox
Mozilla/5.0 (Macintosh; Intel Mac OS X 10.14; rv:78.0) Gecko/20100101 Firefox/78.0,Desktop,firefox
Mozilla/5.0 (Macintosh; Intel Mac OS X 10.14; rv:76.0) Gecko/20100101 Firefox/76.0,Desktop,firefox
Mozilla/5.0 (Macintosh; Intel Mac OS X 10.15; rv:73.0) Gecko/20100101 Firefox/73.0,Desktop,firefox
Mozilla/5.0 (Macintosh; Intel Mac OS X 10.13; rv:76.0) Gecko/20100101 Firefox/76.0,Desktop,firefox
Mozilla/5.0 (Macintosh; Intel Mac OS X 10.13; rv:75.0) Gecko/20100101 Firefox/75.0,Desktop,firefox
"Mozilla/5.0 (iPad; CPU OS 14_4 like Mac OS X) AppleWebKit/605.1.15 (KHTML, like Gecko) CriOS/87.0.4280.77 Mobile/15E148 Safari/604.1",Tablet,chrome
"Mozilla/5.0 (iPad; CPU OS 14_4 like Mac OS X) AppleWebKit/605.1.15 (KHTML, like Gecko) GSA/152.1.363973642 Mobile/15E148 Safari/604.1",Tablet,google
"Mozilla/5.0 (Linux; Android 10; SM-T510) AppleWebKit/537.36 (KHTML, like Gecko) Chrome/89.0.4389.105 Safari/537.36",Tablet,chrome
"Mozilla/5.0 (Linux; Android 9; KFMAWI) AppleWebKit/537.36 (KHTML, like Gecko) Silk/88.4.16 like Chrome/88.0.4324.181 Safari/537.36",Tablet,silk
"Mozilla/5.0 (iPad; CPU OS 14_4_2 like Mac OS X) AppleWebKit/605.1.15 (KHTML, like Gecko) Version/14.0.3 Mobile/15E148 Safari/604.1",Tablet,safari
"Mozilla/5.0 (Linux; Android 10; SM-T295) AppleWebKit/537.36 (KHTML, like Gecko) Chrome/80.0.3987.99 Safari/537.36",Tablet,chrome
"Mozilla/5.0 (iPad; CPU OS 10_3_3 like Mac OS X) AppleWebKit/603.3.8 (KHTML, like Gecko) Version/10.0 Mobile/14G60 Safari/602.1",Tablet,safari
"Mozilla/5.0 (iPad; CPU OS 12_5 like Mac OS X) AppleWebKit/605.1.15 (KHTML, like Gecko) CriOS/87.0.4280.77 Mobile/15E148 Safari/604.1",Tablet,chrome
"Mozilla/5.0 (iPad; CPU OS 14_4_1 like Mac OS X) AppleWebKit/605.1.15 (KHTML, like Gecko) Version/14.0.3 Mobile/15E148 Safari/604.1",Tablet,safari
"Mozilla/5.0 (Linux; Android 10; SM-T295) AppleWebKit/537.36 (KHTML, like Gecko) Chrome/89.0.4389.86 Safari/537.36",Tablet,chrome